benchmark_seed,budget,strategy,attack_recall,false_positive_rate,precision,f1,balanced_accuracy,policy_exact_match,effect_mae,shifted_attack_recall,initial_hypothesis_count,final_hypothesis_count,posterior_reduction_ratio,information_gain_bits
0,1,single_default,0.9076923076923077,0.005154639175257732,0.9915966386554622,0.9477911646586346,0.9512688342585249,0.9398148148148148,0.03729423868312757,0.8983050847457628,372.0,151.55555555555554,0.5925925925925926,2.304510026092223
0,1,passive_characterisation,0.9076923076923077,0.005154639175257732,0.9915966386554622,0.9477911646586346,0.9512688342585249,0.9398148148148148,0.03729423868312757,0.8983050847457628,76.66666666666667,36.0,0.5053187359267023,1.2538879347855831
0,1,random,0.8576923076923076,0.002577319587628866,0.9955357142857143,0.921487603305785,0.9275574940523394,0.9120370370370371,0.04218106995884773,0.8135593220338984,372.0,253.22222222222223,0.31929510155316604,0.9970004814144037
0,1,fixed_boundary,0.8846153846153846,0.005154639175257732,0.9913793103448276,0.9349593495934959,0.9397303727200634,0.9259259259259259,0.040123456790123455,0.8728813559322034,372.0,194.0,0.478494623655914,1.7228162423613977
0,1,policy_active,0.9076923076923077,0.005154639175257732,0.9915966386554622,0.9477911646586346,0.9512688342585249,0.9398148148148148,0.03729423868312757,0.8983050847457628,372.0,144.66666666666666,0.6111111111111112,2.273350751945203
0,2,single_default,0.9076923076923077,0.005154639175257732,0.9915966386554622,0.9477911646586346,0.9512688342585249,0.9398148148148148,0.03729423868312757,0.8983050847457628,372.0,151.55555555555554,0.5925925925925926,2.304510026092223
0,2,passive_characterisation,0.9692307692307692,0.005154639175257732,0.9921259842519685,0.980544747081712,0.9820380650277558,0.9768518518518519,0.033950617283950615,0.9661016949152542,76.66666666666667,26.22222222222222,0.6599114838108551,2.03379858044273
0,2,random,0.8730769230769231,0.002577319587628866,0.9956140350877193,0.9303278688524591,0.9352498017446471,0.9212962962962963,0.03510802469135803,0.847457627118644,372.0,160.55555555555554,0.5683990442054959,2.373607282341244
0,2,fixed_boundary,0.8846153846153846,0.005154639175257732,0.9913793103448276,0.9349593495934959,0.9397303727200634,0.9259259259259259,0.03909465020576131,0.8728813559322034,372.0,180.11111111111111,0.5158303464755077,1.8457335077468733
0,2,policy_active,0.9307692307692308,0.002577319587628866,0.9958847736625515,0.9622266401590458,0.964095955590801,0.9583333333333334,0.03292181069958847,0.9152542372881356,372.0,94.33333333333333,0.7464157706093191,3.377621947560556
0,3,single_default,0.9076923076923077,0.005154639175257732,0.9915966386554622,0.9477911646586346,0.9512688342585249,0.9398148148148148,0.03729423868312757,0.8983050847457628,372.0,151.55555555555554,0.5925925925925926,2.304510026092223
0,3,passive_characterisation,0.9846153846153847,0.0,1.0,0.9922480620155039,0.9923076923076923,0.9907407407407407,0.026234567901234566,0.9830508474576272,76.66666666666667,14.055555555555555,0.834070968242876,3.3928167508987634
0,3,random,0.8923076923076924,0.002577319587628866,0.9957081545064378,0.9411764705882353,0.9448651863600317,0.9328703703703703,0.032407407407407406,0.847457627118644,372.0,112.94444444444444,0.6963859020310633,3.3829053209392015
0,3,fixed_boundary,0.9076923076923077,0.0,1.0,0.9516129032258065,0.9538461538461538,0.9444444444444444,0.03395061728395061,0.8983050847457628,372.0,149.0,0.5994623655913978,2.3346015697660527
0,3,policy_active,0.9846153846153847,0.0,1.0,0.9922480620155039,0.9923076923076923,0.9907407407407407,0.02379115226337448,0.9830508474576272,372.0,73.11111111111111,0.8034647550776581,4.1063379210066815
0,5,single_default,0.9076923076923077,0.005154639175257732,0.9915966386554622,0.9477911646586346,0.9512688342585249,0.9398148148148148,0.03729423868312757,0.8983050847457628,372.0,151.55555555555554,0.5925925925925926,2.304510026092223
0,5,passive_characterisation,0.9846153846153847,0.0,1.0,0.9922480620155039,0.9923076923076923,0.9907407407407407,0.024691358024691357,0.9830508474576272,76.66666666666667,10.555555555555555,0.8673421849522479,3.9271998801279513
0,5,random,0.8961538461538462,0.0,1.0,0.9452332657200813,0.948076923076923,0.9375,0.030992798353909463,0.847457627118644,372.0,88.83333333333333,0.7612007168458781,4.09010207740444
0,5,fixed_boundary,0.9384615384615385,0.010309278350515464,0.9838709677419355,0.9606299212598426,0.9640761300555115,0.9567901234567902,0.032407407407407406,0.9322033898305084,372.0,95.44444444444444,0.7434289127837514,3.3174546933945774
0,5,policy_active,1.0,0.0,1.0,1.0,1.0,1.0,0.020061728395061727,1.0,372.0,25.0,0.9327956989247309,6.13895661723444
1,1,single_default,0.8846153846153846,0.0,1.0,0.9387755102040816,0.9423076923076923,0.9305555555555556,0.03266460905349794,0.8728813559322034,372.0,178.66666666666666,0.5197132616487455,1.8575802690890615
1,1,passive_characterisation,0.8846153846153846,0.0,1.0,0.9387755102040816,0.9423076923076923,0.9305555555555556,0.03266460905349794,0.8728813559322034,76.66666666666667,38.333333333333336,0.461293578693998,1.1195042274934779
1,1,random,0.8576923076923076,0.002577319587628866,0.9955357142857143,0.921487603305785,0.9275574940523394,0.9120370370370371,0.03575102880658436,0.8135593220338984,372.0,237.77777777777777,0.36081242532855434,1.2387148512730193
1,1,fixed_boundary,0.8846153846153846,0.005154639175257732,0.9913793103448276,0.9349593495934959,0.9397303727200634,0.9259259259259259,0.037037037037037035,0.8728813559322034,372.0,194.0,0.4784946236559139,1.7228162423613977
1,1,policy_active,0.8846153846153846,0.0,1.0,0.9387755102040816,0.9423076923076923,0.9305555555555556,0.03523662551440329,0.8728813559322034,372.0,170.0,0.543010752688172,1.8541741404011005
1,2,single_default,0.8846153846153846,0.0,1.0,0.9387755102040816,0.9423076923076923,0.9305555555555556,0.03266460905349794,0.8728813559322034,372.0,178.66666666666666,0.5197132616487455,1.8575802690890615
1,2,passive_characterisation,0.9692307692307692,0.005154639175257732,0.9921259842519685,0.980544747081712,0.9820380650277558,0.9768518518518519,0.03009259259259259,0.9661016949152542,76.66666666666667,26.22222222222222,0.6599114838108548,2.0337985804427294
1,2,random,0.9076923076923077,0.007731958762886598,0.9874476987447699,0.9458917835671343,0.9499801744647105,0.9375,0.033050411522633744,0.8898305084745762,372.0,150.83333333333334,0.5945340501792115,2.468642846297491
1,2,fixed_boundary,0.8846153846153846,0.005154639175257732,0.9913793103448276,0.9349593495934959,0.9397303727200634,0.9259259259259259,0.03806584362139917,0.8728813559322034,372.0,180.11111111111111,0.5158303464755077,1.8457335077468733
1,2,policy_active,0.9230769230769231,0.005154639175257732,0.9917355371900827,0.9561752988047809,0.9589611419508327,0.9506172839506173,0.035493827160493825,0.9152542372881356,372.0,115.66666666666667,0.6890681003584231,2.879718982034265
1,3,single_default,0.8846153846153846,0.0,1.0,0.9387755102040816,0.9423076923076923,0.9305555555555556,0.03266460905349794,0.8728813559322034,372.0,178.66666666666666,0.5197132616487455,1.8575802690890615
1,3,passive_characterisation,0.9846153846153847,0.0,1.0,0.9922480620155039,0.9923076923076923,0.9907407407407407,0.020061728395061727,0.9830508474576272,76.66666666666667,13.61111111111111,0.842456712477677,3.650808761441804
1,3,random,0.925,0.014175257731958763,0.9776422764227642,0.9505928853754941,0.9554123711340207,0.9421296296296297,0.03112139917695473,0.9364406779661016,372.0,97.0,0.739247311827957,3.4828355885072835
1,3,fixed_boundary,0.9076923076923077,0.0,1.0,0.9516129032258065,0.9538461538461538,0.9444444444444444,0.03497942386831276,0.8983050847457628,372.0,149.0,0.5994623655913978,2.3346015697660523
1,3,policy_active,0.9769230769230769,0.005154639175257732,0.9921875,0.9844961240310077,0.9858842188739096,0.9814814814814815,0.026363168724279833,0.9745762711864406,372.0,73.94444444444444,0.8012246117084826,3.9481158706425172
1,5,single_default,0.8846153846153846,0.0,1.0,0.9387755102040816,0.9423076923076923,0.9305555555555556,0.03266460905349794,0.8728813559322034,372.0,178.66666666666666,0.5197132616487455,1.8575802690890615
1,5,passive_characterisation,0.9846153846153847,0.0,1.0,0.9922480620155039,0.9923076923076923,0.9907407407407407,0.018518518518518517,0.9830508474576272,76.66666666666667,10.11111111111111,0.8757279291870488,4.185191890670992
1,5,random,0.9326923076923077,0.015463917525773196,0.9758551307847082,0.9537856440511306,0.9586141950832673,0.9483024691358025,0.02507716049382716,0.9279661016949152,372.0,57.22222222222222,0.8461768219832735,4.716279237564179
1,5,fixed_boundary,0.9615384615384616,0.015463917525773196,0.9765625,0.9689922480620154,0.9730372720063443,0.9660493827160493,0.02957818930041152,0.9576271186440678,372.0,78.88888888888889,0.7879330943847072,3.674541281286992
1,5,policy_active,1.0,0.0,1.0,1.0,1.0,1.0,0.016975308641975308,1.0,372.0,25.0,0.9327956989247312,6.13895661723444
2,1,single_default,0.8951612903225806,0.005,0.9910714285714286,0.9406779661016949,0.9450806451612903,0.9351851851851852,0.03729423868312757,0.8839285714285714,372.0,205.77777777777777,0.44683393070489835,1.4106505120858999
2,1,passive_characterisation,0.8951612903225806,0.005,0.9910714285714286,0.9406779661016949,0.9450806451612903,0.9351851851851852,0.03729423868312757,0.8839285714285714,79.83333333333333,42.888888888888886,0.4166208048601904,0.9843782099405238
2,1,random,0.8830645161290323,0.0025,0.9954545454545455,0.9358974358974359,0.9402822580645162,0.9305555555555556,0.03909465020576131,0.8571428571428571,372.0,257.8888888888889,0.30675029868578263,0.8333529544690431
2,1,fixed_boundary,0.9193548387096774,0.01,0.9827586206896551,0.95,0.9546774193548386,0.9444444444444444,0.037037037037037035,0.9107142857142857,372.0,194.0,0.478494623655914,1.7228162423613977
2,1,policy_active,0.8951612903225806,0.005,0.9910714285714286,0.9406779661016949,0.9450806451612903,0.9351851851851852,0.03729423868312757,0.8839285714285714,372.0,195.33333333333334,0.47491039426523296,1.4349975288569972
2,2,single_default,0.8951612903225806,0.005,0.9910714285714286,0.9406779661016949,0.9450806451612903,0.9351851851851852,0.03729423868312757,0.8839285714285714,372.0,205.77777777777777,0.44683393070489835,1.4106505120858999
2,2,passive_characterisation,0.967741935483871,0.0,1.0,0.9836065573770492,0.9838709677419355,0.9814814814814815,0.033179012345679014,0.9642857142857143,79.83333333333333,28.0,0.6275171632549691,2.0455236688089258
2,2,random,0.8870967741935484,0.0075,0.9865470852017937,0.9341825902335457,0.9397983870967742,0.9282407407407407,0.037037037037037035,0.875,372.0,186.44444444444446,0.498805256869773,1.7224078262156226
2,2,fixed_boundary,0.9193548387096774,0.01,0.9827586206896551,0.95,0.9546774193548386,0.9444444444444444,0.03600823045267489,0.9107142857142857,372.0,180.11111111111111,0.5158303464755077,1.8457335077468737
2,2,policy_active,0.9193548387096774,0.0,1.0,0.9579831932773109,0.9596774193548387,0.9537037037037037,0.032407407407407406,0.9107142857142857,372.0,115.66666666666667,0.689068100358423,2.879718982034265
2,3,single_default,0.8951612903225806,0.005,0.9910714285714286,0.9406779661016949,0.9450806451612903,0.9351851851851852,0.03729423868312757,0.8839285714285714,372.0,205.77777777777777,0.44683393070489835,1.4106505120858999
2,3,passive_characterisation,1.0,0.0,1.0,1.0,1.0,1.0,0.024691358024691357,1.0,79.83333333333333,13.88888888888889,0.839282682705237,3.6380927272950583
2,3,random,0.8870967741935484,0.005,0.990990990990991,0.9361702127659575,0.9410483870967742,0.9305555555555556,0.03587962962962963,0.875,372.0,132.72222222222223,0.6432198327359617,2.6196738622457807
2,3,fixed_boundary,0.9354838709677419,0.0,1.0,0.9666666666666666,0.967741935483871,0.9629629629629629,0.032407407407407406,0.9285714285714286,372.0,148.11111111111111,0.6018518518518519,2.487769527905356
2,3,policy_active,0.967741935483871,0.0,1.0,0.9836065573770492,0.9838709677419355,0.9814814814814815,0.025720164609053495,0.9642857142857143,372.0,90.44444444444444,0.7568697729988052,3.4802478043209346
2,5,single_default,0.8951612903225806,0.005,0.9910714285714286,0.9406779661016949,0.9450806451612903,0.9351851851851852,0.03729423868312757,0.8839285714285714,372.0,205.77777777777777,0.44683393070489835,1.4106505120858999
2,5,passive_characterisation,1.0,0.0,1.0,1.0,1.0,1.0,0.021604938271604937,1.0,79.83333333333333,9.944444444444445,0.880818322118235,4.430148035340035
2,5,random,0.8911290322580645,0.005,0.9910313901345291,0.9384288747346072,0.9430645161290323,0.9328703703703703,0.03112139917695473,0.8839285714285714,372.0,90.33333333333333,0.7571684587813621,3.3848663220150788
2,5,fixed_boundary,0.9354838709677419,0.0,1.0,0.9666666666666666,0.967741935483871,0.9629629629629629,0.03189300411522633,0.9285714285714286,372.0,112.88888888888889,0.6965352449223415,2.8850267827118685
2,5,policy_active,1.0,0.0,1.0,1.0,1.0,1.0,0.021604938271604937,1.0,372.0,25.333333333333332,0.9318996415770607,5.9920757178025115
3,1,single_default,0.8951612903225806,0.005,0.9910714285714286,0.9406779661016949,0.9450806451612903,0.9351851851851852,0.03729423868312757,0.8839285714285714,372.0,205.77777777777777,0.44683393070489835,1.4106505120858999
3,1,passive_characterisation,0.8951612903225806,0.005,0.9910714285714286,0.9406779661016949,0.9450806451612903,0.9351851851851852,0.03729423868312757,0.8839285714285714,79.83333333333333,42.888888888888886,0.4166208048601904,0.9843782099405239
3,1,random,0.8830645161290323,0.005,0.9909502262443439,0.9339019189765458,0.9390322580645161,0.9282407407407407,0.0379372427983539,0.8839285714285714,372.0,247.22222222222223,0.33542413381123054,1.0359016532621548
3,1,fixed_boundary,0.9193548387096774,0.01,0.9827586206896551,0.95,0.9546774193548386,0.9444444444444444,0.037037037037037035,0.9107142857142857,372.0,194.0,0.478494623655914,1.7228162423613975
3,1,policy_active,0.8951612903225806,0.005,0.9910714285714286,0.9406779661016949,0.9450806451612903,0.9351851851851852,0.03729423868312757,0.8839285714285714,372.0,195.33333333333334,0.47491039426523296,1.4349975288569972
3,2,single_default,0.8951612903225806,0.005,0.9910714285714286,0.9406779661016949,0.9450806451612903,0.9351851851851852,0.03729423868312757,0.8839285714285714,372.0,205.77777777777777,0.44683393070489835,1.4106505120858999
3,2,passive_characterisation,0.967741935483871,0.0,1.0,0.9836065573770492,0.9838709677419355,0.9814814814814815,0.033179012345679014,0.9642857142857143,79.83333333333333,28.0,0.6275171632549692,2.0455236688089258
3,2,random,0.9314516129032258,0.015,0.9746835443037974,0.9525773195876287,0.9582258064516129,0.9459876543209876,0.03459362139917695,0.9464285714285714,372.0,131.33333333333334,0.6469534050179212,2.716994872547496
3,2,fixed_boundary,0.9193548387096774,0.01,0.9827586206896551,0.95,0.9546774193548386,0.9444444444444444,0.03600823045267489,0.9107142857142857,372.0,180.11111111111111,0.5158303464755077,1.8457335077468737
3,2,policy_active,0.9193548387096774,0.0,1.0,0.9579831932773109,0.9596774193548387,0.9537037037037037,0.032407407407407406,0.9107142857142857,372.0,115.66666666666667,0.689068100358423,2.879718982034265
3,3,single_default,0.8951612903225806,0.005,0.9910714285714286,0.9406779661016949,0.9450806451612903,0.9351851851851852,0.03729423868312757,0.8839285714285714,372.0,205.77777777777777,0.44683393070489835,1.4106505120858999
3,3,passive_characterisation,1.0,0.0,1.0,1.0,1.0,1.0,0.024691358024691357,1.0,79.83333333333333,13.88888888888889,0.839282682705237,3.6380927272950583
3,3,random,0.9274193548387096,0.0175,0.9704641350210971,0.9484536082474226,0.9549596774193548,0.941358024691358,0.034722222222222224,0.9375,372.0,107.0,0.7123655913978495,3.321855985193297
3,3,fixed_boundary,0.9354838709677419,0.0,1.0,0.9666666666666666,0.967741935483871,0.9629629629629629,0.032407407407407406,0.9285714285714286,372.0,148.11111111111111,0.6018518518518519,2.487769527905356
3,3,policy_active,0.967741935483871,0.0,1.0,0.9836065573770492,0.9838709677419355,0.9814814814814815,0.02533436213991769,0.9642857142857143,372.0,90.38888888888889,0.7570191158900835,3.498132698481344
3,5,single_default,0.8951612903225806,0.005,0.9910714285714286,0.9406779661016949,0.9450806451612903,0.9351851851851852,0.03729423868312757,0.8839285714285714,372.0,205.77777777777777,0.44683393070489835,1.4106505120858999
3,5,passive_characterisation,1.0,0.0,1.0,1.0,1.0,1.0,0.021604938271604937,1.0,79.83333333333333,9.944444444444445,0.880818322118235,4.430148035340035
3,5,random,0.9233870967741935,0.0075,0.9870689655172413,0.9541666666666666,0.9579435483870968,0.9490740740740741,0.030478395061728395,0.9285714285714286,372.0,69.44444444444444,0.8133213859020311,4.170578647398592
3,5,fixed_boundary,0.9354838709677419,0.0,1.0,0.9666666666666666,0.967741935483871,0.9629629629629629,0.03189300411522633,0.9285714285714286,372.0,112.88888888888889,0.6965352449223415,2.8850267827118685
3,5,policy_active,1.0,0.0,1.0,1.0,1.0,1.0,0.021604938271604937,1.0,372.0,25.333333333333332,0.9318996415770607,5.992075717802511
4,1,single_default,0.8309859154929577,0.005494505494505495,0.9915966386554622,0.9042145593869731,0.9127457049992261,0.9027777777777778,0.04963991769547325,0.8153846153846154,372.0,151.55555555555554,0.5925925925925926,2.304510026092223
4,1,passive_characterisation,0.8309859154929577,0.005494505494505495,0.9915966386554622,0.9042145593869731,0.9127457049992261,0.9027777777777778,0.04963991769547325,0.8153846153846154,79.83333333333333,36.05555555555556,0.5142991960396298,1.3129760853930277
4,1,random,0.7711267605633803,0.0027472527472527475,0.9954545454545455,0.8690476190476191,0.8841897539080638,0.8657407407407407,0.055684156378600816,0.7615384615384615,372.0,260.8888888888889,0.2986857825567503,0.8211154265280772
4,1,fixed_boundary,0.8309859154929577,0.005494505494505495,0.9915966386554622,0.9042145593869731,0.9127457049992261,0.8981481481481481,0.05092592592592592,0.8153846153846154,372.0,194.0,0.478494623655914,1.7228162423613977
4,1,policy_active,0.8485915492957746,0.005494505494505495,0.9917695473251029,0.9146110056925996,0.9215485219006345,0.9104938271604939,0.04835390946502057,0.8346153846153846,372.0,144.66666666666666,0.6111111111111112,2.273350751945203
4,2,single_default,0.8309859154929577,0.005494505494505495,0.9915966386554622,0.9042145593869731,0.9127457049992261,0.9027777777777778,0.04963991769547325,0.8153846153846154,372.0,151.55555555555554,0.5925925925925926,2.304510026092223
4,2,passive_characterisation,0.8873239436619719,0.005494505494505495,0.9921259842519685,0.9368029739776952,0.9409147190837333,0.9398148148148148,0.046296296296296294,0.8769230769230769,79.83333333333333,26.27777777777778,0.6628459931330652,2.0927749929524806
4,2,random,0.8397887323943662,0.005494505494505495,0.9916839916839917,0.909437559580553,0.9171471134499304,0.904320987654321,0.04861111111111111,0.8346153846153846,372.0,143.16666666666666,0.6151433691756273,2.5609834115728916
4,2,fixed_boundary,0.8450704225352113,0.005494505494505495,0.9917355371900827,0.9125475285171103,0.9197879585203529,0.904320987654321,0.048868312757201646,0.8307692307692308,372.0,180.11111111111111,0.5158303464755077,1.8457335077468737
4,2,policy_active,0.9014084507042254,0.0027472527472527475,0.9961089494163424,0.9463955637707948,0.9493305989784864,0.9429012345679012,0.03909465020576131,0.9,372.0,94.33333333333333,0.7464157706093191,3.377621947560556
4,3,single_default,0.8309859154929577,0.005494505494505495,0.9915966386554622,0.9042145593869731,0.9127457049992261,0.9027777777777778,0.04963991769547325,0.8153846153846154,372.0,151.55555555555554,0.5925925925925926,2.304510026092223
4,3,passive_characterisation,0.9014084507042254,0.0,1.0,0.9481481481481481,0.9507042253521127,0.9537037037037037,0.038580246913580245,0.8923076923076924,79.83333333333333,14.11111111111111,0.8367009605218376,3.451640293393654
4,3,random,0.8573943661971831,0.005494505494505495,0.9918533604887984,0.9197355996222851,0.9259499303513388,0.9151234567901234,0.04115226337448559,0.8769230769230769,372.0,107.33333333333333,0.7114695340501792,3.277072766031842
4,3,fixed_boundary,0.8802816901408451,0.0,1.0,0.9363295880149813,0.9401408450704225,0.9290123456790124,0.040123456790123455,0.8692307692307693,372.0,149.0,0.5994623655913979,2.3346015697660523
4,3,policy_active,0.9507042253521126,0.0,1.0,0.9747292418772564,0.9753521126760563,0.9753086419753086,0.025848765432098766,0.9384615384615385,372.0,73.11111111111111,0.8034647550776581,4.1063379210066815
4,5,single_default,0.8309859154929577,0.005494505494505495,0.9915966386554622,0.9042145593869731,0.9127457049992261,0.9027777777777778,0.04963991769547325,0.8153846153846154,372.0,151.55555555555554,0.5925925925925926,2.304510026092223
4,5,passive_characterisation,0.9014084507042254,0.0,1.0,0.9481481481481481,0.9507042253521127,0.9537037037037037,0.037037037037037035,0.8923076923076924,79.83333333333333,10.61111111111111,0.8699285014799867,3.9857035908955907
4,5,random,0.8873239436619719,0.0027472527472527475,0.9960474308300395,0.9385474860335196,0.9422883454573596,0.9359567901234568,0.034722222222222224,0.9076923076923077,372.0,55.388888888888886,0.8511051373954599,4.601090261603396
4,5,fixed_boundary,0.8873239436619719,0.01098901098901099,0.984375,0.9333333333333333,0.9381674663364805,0.9320987654320988,0.03960905349794239,0.8769230769230769,372.0,95.44444444444444,0.7434289127837514,3.3174546933945774
4,5,policy_active,0.9154929577464789,0.0,1.0,0.9558823529411764,0.9577464788732395,0.9629629629629629,0.026234567901234566,0.9076923076923077,372.0,25.0,0.932795698924731,6.13895661723444
5,1,single_default,0.9047619047619048,0.005050505050505051,0.991304347826087,0.9460580912863071,0.9498556998556998,0.9398148148148148,0.03112139917695473,0.8947368421052632,372.0,178.66666666666666,0.5197132616487455,1.8575802690890615
5,1,passive_characterisation,0.9047619047619048,0.005050505050505051,0.991304347826087,0.9460580912863071,0.9498556998556998,0.9398148148148148,0.03112139917695473,0.8947368421052632,76.66666666666667,40.388888888888886,0.4529078344591971,1.0639486719379223
5,1,random,0.8809523809523809,0.005050505050505051,0.9910714285714286,0.9327731092436975,0.9379509379509379,0.9259259259259259,0.03485082304526749,0.868421052631579,372.0,224.0,0.3978494623655913,1.2891482025441479
5,1,fixed_boundary,0.9047619047619048,0.010101010101010102,0.9827586206896551,0.9421487603305785,0.9473304473304474,0.9351851851851852,0.035493827160493825,0.8947368421052632,372.0,194.0,0.478494623655914,1.7228162423613977
5,1,policy_active,0.9047619047619048,0.005050505050505051,0.991304347826087,0.9460580912863071,0.9498556998556998,0.9398148148148148,0.03369341563786008,0.8947368421052632,372.0,170.0,0.543010752688172,1.8541741404011005
5,2,single_default,0.9047619047619048,0.005050505050505051,0.991304347826087,0.9460580912863071,0.9498556998556998,0.9398148148148148,0.03112139917695473,0.8947368421052632,372.0,178.66666666666666,0.5197132616487455,1.8575802690890615
5,2,passive_characterisation,0.9841269841269841,0.005050505050505051,0.992,0.9880478087649401,0.9895382395382395,0.9861111111111112,0.027777777777777776,0.9824561403508771,76.66666666666667,25.555555555555557,0.6693454460750059,2.160187860859389
5,2,random,0.8928571428571429,0.011363636363636364,0.9803921568627451,0.9345794392523364,0.9407467532467533,0.9274691358024691,0.032278806584362135,0.8596491228070176,372.0,145.83333333333334,0.6079749103942653,2.4521527592957377
5,2,fixed_boundary,0.9047619047619048,0.010101010101010102,0.9827586206896551,0.9421487603305785,0.9473304473304474,0.9351851851851852,0.03652263374485596,0.8947368421052632,372.0,180.11111111111111,0.5158303464755077,1.8457335077468737
5,2,policy_active,0.9206349206349206,0.0,1.0,0.9586776859504132,0.9603174603174602,0.9537037037037037,0.03497942386831275,0.9122807017543859,372.0,94.33333333333333,0.7464157706093191,3.377621947560556
5,3,single_default,0.9047619047619048,0.005050505050505051,0.991304347826087,0.9460580912863071,0.9498556998556998,0.9398148148148148,0.03112139917695473,0.8947368421052632,372.0,178.66666666666666,0.5197132616487455,1.8575802690890615
5,3,passive_characterisation,1.0,0.0,1.0,1.0,1.0,1.0,0.018518518518518517,1.0,76.66666666666667,13.722222222222221,0.8387879493749514,3.6150389731209858
5,3,random,0.9047619047619048,0.011363636363636364,0.9806451612903225,0.9411764705882353,0.9466991341991342,0.9344135802469136,0.03189300411522633,0.8859649122807017,372.0,115.44444444444444,0.6896654719235364,3.106960057287302
5,3,fixed_boundary,0.9206349206349206,0.0,1.0,0.9586776859504132,0.9603174603174602,0.9537037037037037,0.03497942386831275,0.9122807017543859,372.0,148.11111111111111,0.6018518518518517,2.4877695279053555
5,3,policy_active,0.9841269841269841,0.0,1.0,0.9919999999999999,0.9920634920634921,0.9907407407407407,0.0264917695473251,0.9824561403508771,372.0,73.11111111111111,0.8034647550776582,4.1063379210066815
5,5,single_default,0.9047619047619048,0.005050505050505051,0.991304347826087,0.9460580912863071,0.9498556998556998,0.9398148148148148,0.03112139917695473,0.8947368421052632,372.0,178.66666666666666,0.5197132616487455,1.8575802690890615
5,5,passive_characterisation,1.0,0.0,1.0,1.0,1.0,1.0,0.016975308641975308,1.0,76.66666666666667,10.222222222222221,0.8720591660843232,4.149422102350174
5,5,random,0.9285714285714286,0.015151515151515152,0.975,0.951219512195122,0.9567099567099567,0.9444444444444444,0.027777777777777776,0.9035087719298246,372.0,69.33333333333333,0.8136200716845878,4.522806592451377
5,5,fixed_boundary,0.9523809523809523,0.010101010101010102,0.9836065573770492,0.9677419354838709,0.9711399711399711,0.9629629629629629,0.029835390946502057,0.9473684210526315,372.0,94.88888888888889,0.7449223416965352,3.4474463602215
5,5,policy_active,1.0,0.0,1.0,1.0,1.0,1.0,0.013888888888888888,1.0,372.0,24.88888888888889,0.9330943847072879,6.250067728345551
6,1,single_default,0.8098591549295775,0.0,1.0,0.8949416342412452,0.9049295774647887,0.8935185185185185,0.05118312757201644,0.7923076923076923,372.0,178.66666666666666,0.5197132616487455,1.8575802690890617
6,1,passive_characterisation,0.8098591549295775,0.0,1.0,0.8949416342412452,0.9049295774647887,0.8935185185185185,0.05118312757201644,0.7923076923076923,94.33333333333333,42.44444444444444,0.4836555633201335,1.295611172018051
6,1,random,0.7693661971830986,0.0,1.0,0.8696517412935324,0.8846830985915493,0.8649691358024691,0.055169753086419755,0.7576923076923077,372.0,269.8888888888889,0.2744922341696535,0.7667854927190951
6,1,fixed_boundary,0.8309859154929577,0.005494505494505495,0.9915966386554622,0.9042145593869731,0.9127457049992261,0.8981481481481481,0.05092592592592592,0.8153846153846154,372.0,194.0,0.478494623655914,1.7228162423613977
6,1,policy_active,0.8274647887323944,0.0,1.0,0.9055876685934489,0.9137323943661972,0.9012345679012346,0.04989711934156378,0.8115384615384615,372.0,170.0,0.543010752688172,1.8541741404011005
6,2,single_default,0.8098591549295775,0.0,1.0,0.8949416342412452,0.9049295774647887,0.8935185185185185,0.05118312757201644,0.7923076923076923,372.0,178.66666666666666,0.5197132616487455,1.8575802690890617
6,2,passive_characterisation,0.8873239436619719,0.005494505494505495,0.9921259842519685,0.9368029739776952,0.9409147190837333,0.9398148148148148,0.048611111111111105,0.8769230769230769,94.33333333333333,26.22222222222222,0.6787794083391567,2.297958997229589
6,2,random,0.7887323943661971,0.0027472527472527475,0.9955555555555555,0.8801571709233791,0.8929925708094721,0.8742283950617284,0.04912551440329218,0.8,372.0,175.72222222222223,0.5276284348864994,1.9423162533512852
6,2,fixed_boundary,0.8450704225352113,0.005494505494505495,0.9917355371900827,0.9125475285171103,0.9197879585203529,0.904320987654321,0.048868312757201646,0.8307692307692308,372.0,180.11111111111111,0.5158303464755077,1.8457335077468737
6,2,policy_active,0.8802816901408451,0.0,1.0,0.9363295880149813,0.9401408450704225,0.9320987654320988,0.04063786008230452,0.8692307692307693,372.0,115.66666666666667,0.689068100358423,2.879718982034265
6,3,single_default,0.8098591549295775,0.0,1.0,0.8949416342412452,0.9049295774647887,0.8935185185185185,0.05118312757201644,0.7923076923076923,372.0,178.66666666666666,0.5197132616487455,1.8575802690890617
6,3,passive_characterisation,0.9014084507042254,0.0,1.0,0.9481481481481481,0.9507042253521127,0.9537037037037037,0.038580246913580245,0.8923076923076924,94.33333333333333,13.61111111111111,0.8487460206537776,3.914969178228663
6,3,random,0.8098591549295775,0.01098901098901099,0.9829059829059829,0.888030888030888,0.8994350719702833,0.8796296296296297,0.043338477366255145,0.8153846153846154,372.0,136.88888888888889,0.6320191158900835,2.6805268477014677
6,3,fixed_boundary,0.8802816901408451,0.0,1.0,0.9363295880149813,0.9401408450704225,0.9290123456790124,0.040123456790123455,0.8692307692307693,372.0,149.0,0.5994623655913978,2.3346015697660523
6,3,policy_active,0.9366197183098591,0.005494505494505495,0.9925373134328358,0.9637681159420289,0.9655626064076768,0.9629629629629629,0.028935185185185185,0.9307692307692308,372.0,73.83333333333333,0.8015232974910392,3.9838856589633354
6,5,single_default,0.8098591549295775,0.0,1.0,0.8949416342412452,0.9049295774647887,0.8935185185185185,0.05118312757201644,0.7923076923076923,372.0,178.66666666666666,0.5197132616487455,1.8575802690890617
6,5,passive_characterisation,0.9014084507042254,0.0,1.0,0.9481481481481481,0.9507042253521127,0.9537037037037037,0.037037037037037035,0.8923076923076924,94.33333333333333,10.11111111111111,0.8820172373631494,4.449352307457851
6,5,random,0.8204225352112676,0.013736263736263736,0.9789915966386554,0.89272030651341,0.9033431357375019,0.8881172839506173,0.043081275720164604,0.7769230769230769,372.0,67.88888888888889,0.8175029868578256,4.467291236391681
6,5,fixed_boundary,0.9084507042253521,0.016483516483516484,0.9772727272727273,0.9416058394160584,0.9459835938709178,0.941358024691358,0.03883744855967078,0.9,372.0,78.88888888888889,0.7879330943847072,3.6745412812869924
6,5,policy_active,0.9154929577464789,0.0,1.0,0.9558823529411764,0.9577464788732395,0.9629629629629629,0.029320987654320986,0.9076923076923077,372.0,25.0,0.9327956989247312,6.13895661723444
7,1,single_default,0.9076923076923077,0.005154639175257732,0.9915966386554622,0.9477911646586346,0.9512688342585249,0.9398148148148148,0.03729423868312757,0.8983050847457628,372.0,151.55555555555554,0.5925925925925926,2.304510026092223
7,1,passive_characterisation,0.9076923076923077,0.005154639175257732,0.9915966386554622,0.9477911646586346,0.9512688342585249,0.9398148148148148,0.03729423868312757,0.8983050847457628,79.83333333333333,36.05555555555556,0.5142991960396298,1.3129760853930277
7,1,random,0.8538461538461538,0.019329896907216496,0.9673202614379085,0.9070480081716037,0.9172581284694686,0.8989197530864198,0.04526748971193415,0.864406779661017,372.0,204.55555555555554,0.4501194743130226,1.6981861423065339
7,1,fixed_boundary,0.8846153846153846,0.020618556701030927,0.9663865546218487,0.9236947791164658,0.9319984139571769,0.9166666666666666,0.044753086419753084,0.8728813559322034,372.0,194.0,0.478494623655914,1.7228162423613977
7,1,policy_active,0.9076923076923077,0.01804123711340206,0.9711934156378601,0.9383697813121273,0.9448255352894528,0.9320987654320988,0.04115226337448559,0.8983050847457628,372.0,144.66666666666666,0.6111111111111112,2.273350751945203
7,2,single_default,0.9076923076923077,0.005154639175257732,0.9915966386554622,0.9477911646586346,0.9512688342585249,0.9398148148148148,0.03729423868312757,0.8983050847457628,372.0,151.55555555555554,0.5925925925925926,2.304510026092223
7,2,passive_characterisation,0.9692307692307692,0.005154639175257732,0.9921259842519685,0.980544747081712,0.9820380650277558,0.9768518518518519,0.033950617283950615,0.9661016949152542,79.83333333333333,26.27777777777778,0.6628459931330652,2.092774992952481
7,2,random,0.8730769230769231,0.041237113402061855,0.934156378600823,0.9025844930417496,0.9159199048374307,0.8966049382716049,0.03909465020576131,0.9067796610169492,372.0,153.38888888888889,0.5876642771804063,2.409813621769208
7,2,fixed_boundary,0.8846153846153846,0.030927835051546393,0.9504132231404959,0.9163346613545816,0.9268437747819191,0.9104938271604939,0.04681069958847736,0.8728813559322034,372.0,180.11111111111111,0.5158303464755077,1.8457335077468737
7,2,policy_active,0.9230769230769231,0.03608247422680412,0.9448818897637795,0.9338521400778211,0.9434972244250595,0.9351851851851852,0.04115226337448559,0.9152542372881356,372.0,94.33333333333333,0.7464157706093191,3.377621947560556
7,3,single_default,0.9076923076923077,0.005154639175257732,0.9915966386554622,0.9477911646586346,0.9512688342585249,0.9398148148148148,0.03729423868312757,0.8983050847457628,372.0,151.55555555555554,0.5925925925925926,2.304510026092223
7,3,passive_characterisation,0.9846153846153847,0.0,1.0,0.9922480620155039,0.9923076923076923,0.9907407407407407,0.026234567901234566,0.9830508474576272,79.83333333333333,14.11111111111111,0.8367009605218376,3.451640293393655
7,3,random,0.9096153846153846,0.05412371134020619,0.9184466019417475,0.9140096618357488,0.9277458366375892,0.9097222222222222,0.037037037037037035,0.8983050847457628,372.0,88.94444444444444,0.7609020310633214,3.6654797949622018
7,3,fixed_boundary,0.9076923076923077,0.03608247422680412,0.944,0.9254901960784314,0.9358049167327518,0.9228395061728395,0.04218106995884773,0.8983050847457628,372.0,149.0,0.5994623655913978,2.3346015697660527
7,3,policy_active,0.9846153846153847,0.03608247422680412,0.9481481481481482,0.9660377358490566,0.9742664551942903,0.9691358024691358,0.027649176954732506,0.9830508474576272,372.0,73.05555555555556,0.8036140979689366,4.124222815167091
7,5,single_default,0.9076923076923077,0.005154639175257732,0.9915966386554622,0.9477911646586346,0.9512688342585249,0.9398148148148148,0.03729423868312757,0.8983050847457628,372.0,151.55555555555554,0.5925925925925926,2.304510026092223
7,5,passive_characterisation,0.9846153846153847,0.0,1.0,0.9922480620155039,0.9923076923076923,0.9907407407407407,0.024691358024691357,0.9830508474576272,79.83333333333333,10.61111111111111,0.8699285014799867,3.9857035908955916
7,5,random,0.9153846153846154,0.03350515463917526,0.9482071713147411,0.9315068493150686,0.94093973037272,0.9251543209876543,0.028806584362139915,0.8813559322033898,372.0,64.33333333333333,0.8270609318996415,4.5810189980473615
7,5,fixed_boundary,0.9384615384615385,0.030927835051546393,0.953125,0.9457364341085271,0.953766851704996,0.9444444444444444,0.035493827160493825,0.9322033898305084,372.0,95.44444444444444,0.7434289127837514,3.3174546933945765
7,5,policy_active,1.0,0.0,1.0,1.0,1.0,1.0,0.013888888888888888,1.0,372.0,25.0,0.932795698924731,6.13895661723444
8,1,single_default,0.8951612903225806,0.005,0.9910714285714286,0.9406779661016949,0.9450806451612903,0.9351851851851852,0.03112139917695473,0.8839285714285714,372.0,205.77777777777777,0.44683393070489835,1.4106505120858999
8,1,passive_characterisation,0.8951612903225806,0.005,0.9910714285714286,0.9406779661016949,0.9450806451612903,0.9351851851851852,0.03112139917695473,0.8839285714285714,94.33333333333333,50.94444444444444,0.42006366953956054,1.0176184369081034
8,1,random,0.907258064516129,0.01,0.982532751091703,0.9433962264150944,0.9486290322580645,0.9375,0.03356481481481482,0.9196428571428571,372.0,236.88888888888889,0.36320191158900833,1.2431439937152144
8,1,fixed_boundary,0.9193548387096774,0.01,0.9827586206896551,0.95,0.9546774193548386,0.9444444444444444,0.033950617283950615,0.9107142857142857,372.0,194.0,0.47849462365591405,1.7228162423613977
8,1,policy_active,0.8951612903225806,0.005,0.9910714285714286,0.9406779661016949,0.9450806451612903,0.9351851851851852,0.03369341563786008,0.8839285714285714,372.0,195.33333333333334,0.47491039426523296,1.4349975288569972
8,2,single_default,0.8951612903225806,0.005,0.9910714285714286,0.9406779661016949,0.9450806451612903,0.9351851851851852,0.03112139917695473,0.8839285714285714,372.0,205.77777777777777,0.44683393070489835,1.4106505120858999
8,2,passive_characterisation,0.967741935483871,0.0,1.0,0.9836065573770492,0.9838709677419355,0.9814814814814815,0.02700617283950617,0.9642857142857143,94.33333333333333,31.444444444444443,0.6323084090379688,2.1651205407881067
8,2,random,0.9415322580645161,0.015,0.9749478079331941,0.9579487179487178,0.9632661290322581,0.9529320987654321,0.03202160493827161,0.9375,372.0,138.0,0.6290322580645161,2.5733238786744956
8,2,fixed_boundary,0.9193548387096774,0.01,0.9827586206896551,0.95,0.9546774193548386,0.9444444444444444,0.03497942386831275,0.9107142857142857,372.0,180.11111111111111,0.5158303464755077,1.8457335077468733
8,2,policy_active,0.9193548387096774,0.0,1.0,0.9579831932773109,0.9596774193548387,0.9537037037037037,0.03343621399176954,0.9107142857142857,372.0,115.66666666666667,0.6890681003584231,2.879718982034265
8,3,single_default,0.8951612903225806,0.005,0.9910714285714286,0.9406779661016949,0.9450806451612903,0.9351851851851852,0.03112139917695473,0.8839285714285714,372.0,205.77777777777777,0.44683393070489835,1.4106505120858999
8,3,passive_characterisation,1.0,0.0,1.0,1.0,1.0,1.0,0.018518518518518517,1.0,94.33333333333333,13.833333333333334,0.8443784455314853,3.8434296015870277
8,3,random,0.9455645161290323,0.02,0.9670103092783505,0.9561671763506626,0.9627822580645161,0.9506172839506173,0.030735596707818925,0.9285714285714286,372.0,72.33333333333333,0.8055555555555556,3.8613239504287407
8,3,fixed_boundary,0.9354838709677419,0.0,1.0,0.9666666666666666,0.967741935483871,0.9629629629629629,0.03343621399176954,0.9285714285714286,372.0,148.11111111111111,0.6018518518518517,2.4877695279053555
8,3,policy_active,0.967741935483871,0.0,1.0,0.9836065573770492,0.9838709677419355,0.9814814814814815,0.026363168724279833,0.9642857142857143,372.0,90.38888888888889,0.7570191158900835,3.4981326984813443
8,5,single_default,0.8951612903225806,0.005,0.9910714285714286,0.9406779661016949,0.9450806451612903,0.9351851851851852,0.03112139917695473,0.8839285714285714,372.0,205.77777777777777,0.44683393070489835,1.4106505120858999
8,5,passive_characterisation,1.0,0.0,1.0,1.0,1.0,1.0,0.015432098765432098,1.0,94.33333333333333,9.88888888888889,0.8832401583973912,4.635804741359256
8,5,random,0.9536290322580645,0.02,0.967280163599182,0.9604060913705584,0.9668145161290322,0.9552469135802469,0.02700617283950617,0.9285714285714286,372.0,37.77777777777778,0.898446833930705,5.1138641385513814
8,5,fixed_boundary,0.9354838709677419,0.0,1.0,0.9666666666666666,0.967741935483871,0.9629629629629629,0.029835390946502057,0.9285714285714286,372.0,112.88888888888889,0.6965352449223415,2.8850267827118685
8,5,policy_active,1.0,0.0,1.0,1.0,1.0,1.0,0.015432098765432098,1.0,372.0,25.333333333333332,0.9318996415770607,5.9920757178025115
9,1,single_default,0.8846153846153846,0.0,1.0,0.9387755102040816,0.9423076923076923,0.9305555555555556,0.03883744855967078,0.8728813559322034,372.0,178.66666666666666,0.5197132616487455,1.8575802690890615
9,1,passive_characterisation,0.8846153846153846,0.0,1.0,0.9387755102040816,0.9423076923076923,0.9305555555555556,0.03883744855967078,0.8728813559322034,76.66666666666667,38.333333333333336,0.461293578693998,1.1195042274934779
9,1,random,0.8461538461538461,0.0,1.0,0.9166666666666666,0.9230769230769231,0.9074074074074074,0.041538065843621394,0.8135593220338984,372.0,236.0,0.3655913978494623,1.2401669193994775
9,1,fixed_boundary,0.8846153846153846,0.005154639175257732,0.9913793103448276,0.9349593495934959,0.9397303727200634,0.9259259259259259,0.040123456790123455,0.8728813559322034,372.0,194.0,0.47849462365591405,1.7228162423613977
9,1,policy_active,0.8846153846153846,0.0,1.0,0.9387755102040816,0.9423076923076923,0.9305555555555556,0.03883744855967078,0.8728813559322034,372.0,170.0,0.543010752688172,1.8541741404011005
9,2,single_default,0.8846153846153846,0.0,1.0,0.9387755102040816,0.9423076923076923,0.9305555555555556,0.03883744855967078,0.8728813559322034,372.0,178.66666666666666,0.5197132616487455,1.8575802690890615
9,2,passive_characterisation,0.9692307692307692,0.005154639175257732,0.9921259842519685,0.980544747081712,0.9820380650277558,0.9768518518518519,0.036265432098765434,0.9661016949152542,76.66666666666667,26.22222222222222,0.659911483810855,2.0337985804427294
9,2,random,0.8576923076923076,0.002577319587628866,0.9955357142857143,0.921487603305785,0.9275574940523394,0.9120370370370371,0.03806584362139917,0.8389830508474576,372.0,173.77777777777777,0.5328554360812425,1.8952214928215303
9,2,fixed_boundary,0.8846153846153846,0.005154639175257732,0.9913793103448276,0.9349593495934959,0.9397303727200634,0.9259259259259259,0.03909465020576131,0.8728813559322034,372.0,180.11111111111111,0.5158303464755077,1.845733507746873
9,2,policy_active,0.9153846153846154,0.002577319587628866,0.99581589958159,0.9539078156312626,0.9564036478984932,0.9490740740740741,0.03446502057613168,0.8983050847457628,372.0,115.66666666666667,0.689068100358423,2.879718982034265
9,3,single_default,0.8846153846153846,0.0,1.0,0.9387755102040816,0.9423076923076923,0.9305555555555556,0.03883744855967078,0.8728813559322034,372.0,178.66666666666666,0.5197132616487455,1.8575802690890615
9,3,passive_characterisation,0.9846153846153847,0.0,1.0,0.9922480620155039,0.9923076923076923,0.9907407407407407,0.026234567901234566,0.9830508474576272,76.66666666666667,13.61111111111111,0.842456712477677,3.650808761441804
9,3,random,0.8788461538461538,0.002577319587628866,0.9956427015250545,0.933605720122574,0.9381344171292625,0.9259259259259259,0.03343621399176954,0.8686440677966102,372.0,139.38888888888889,0.6252986857825568,2.5183991304812916
9,3,fixed_boundary,0.9076923076923077,0.0,1.0,0.9516129032258065,0.9538461538461538,0.9444444444444444,0.033950617283950615,0.8983050847457628,372.0,149.0,0.5994623655913978,2.3346015697660527
9,3,policy_active,0.9769230769230769,0.005154639175257732,0.9921875,0.9844961240310077,0.9858842188739096,0.9814814814814815,0.02559156378600823,0.9745762711864406,372.0,73.88888888888889,0.801373954599761,3.966000764802926
9,5,single_default,0.8846153846153846,0.0,1.0,0.9387755102040816,0.9423076923076923,0.9305555555555556,0.03883744855967078,0.8728813559322034,372.0,178.66666666666666,0.5197132616487455,1.8575802690890615
9,5,passive_characterisation,0.9846153846153847,0.0,1.0,0.9922480620155039,0.9923076923076923,0.9907407407407407,0.024691358024691357,0.9830508474576272,76.66666666666667,10.11111111111111,0.8757279291870488,4.185191890670992
9,5,random,0.9384615384615385,0.010309278350515464,0.9838709677419355,0.9606299212598426,0.9640761300555115,0.9521604938271605,0.03279320987654321,0.940677966101695,372.0,62.27777777777778,0.8325866188769414,4.466160456959456
9,5,fixed_boundary,0.9615384615384616,0.015463917525773196,0.9765625,0.9689922480620154,0.9730372720063443,0.9660493827160493,0.031635802469135804,0.9576271186440678,372.0,78.88888888888889,0.7879330943847072,3.674541281286992
9,5,policy_active,1.0,0.0,1.0,1.0,1.0,1.0,0.023148148148148147,1.0,372.0,25.0,0.9327956989247312,6.13895661723444
10,1,single_default,0.8260869565217391,0.005376344086021506,0.991304347826087,0.901185770750988,0.9103553062178589,0.9027777777777778,0.04963991769547325,0.8095238095238095,372.0,178.66666666666666,0.5197132616487455,1.8575802690890615
10,1,passive_characterisation,0.8260869565217391,0.005376344086021506,0.991304347826087,0.901185770750988,0.9103553062178589,0.9027777777777778,0.04963991769547325,0.8095238095238095,79.83333333333333,40.5,0.4612671283325097,1.120899369888998
10,1,random,0.782608695652174,0.0,1.0,0.878048780487805,0.8913043478260869,0.8796296296296297,0.053369341563786,0.7619047619047619,372.0,289.44444444444446,0.22192353643966548,0.5238793554274503
10,1,fixed_boundary,0.8478260869565217,0.010752688172043012,0.9831932773109243,0.9105058365758756,0.9185366993922394,0.9074074074074074,0.04938271604938271,0.8333333333333334,372.0,194.0,0.478494623655914,1.7228162423613977
10,1,policy_active,0.8442028985507246,0.005376344086021506,0.9914893617021276,0.9119373776908024,0.9194132772323516,0.9104938271604939,0.04835390946502057,0.8293650793650794,372.0,170.0,0.543010752688172,1.8541741404011005
10,2,single_default,0.8260869565217391,0.005376344086021506,0.991304347826087,0.901185770750988,0.9103553062178589,0.9027777777777778,0.04963991769547325,0.8095238095238095,372.0,178.66666666666666,0.5197132616487455,1.8575802690890615
10,2,passive_characterisation,0.8985507246376812,0.005376344086021506,0.992,0.9429657794676806,0.9465871902758298,0.9490740740740741,0.046296296296296294,0.8888888888888888,79.83333333333333,25.61111111111111,0.6721634867272885,2.2191642733691403
10,2,random,0.7971014492753623,0.005376344086021506,0.990990990990991,0.8835341365461846,0.8958625525946704,0.8850308641975309,0.0529835390946502,0.7619047619047619,372.0,216.11111111111111,0.4190561529271207,1.2820471174541284
10,2,fixed_boundary,0.8623188405797102,0.010752688172043012,0.9834710743801653,0.918918918918919,0.9257830762038336,0.9135802469135802,0.047325102880658436,0.8492063492063492,372.0,180.11111111111111,0.5158303464755077,1.8457335077468733
10,2,policy_active,0.8985507246376812,0.002688172043010753,0.9959839357429718,0.9447619047619047,0.9479312762973352,0.9398148148148148,0.040123456790123455,0.8809523809523809,372.0,94.33333333333333,0.7464157706093191,3.377621947560556
10,3,single_default,0.8260869565217391,0.005376344086021506,0.991304347826087,0.901185770750988,0.9103553062178589,0.9027777777777778,0.04963991769547325,0.8095238095238095,372.0,178.66666666666666,0.5197132616487455,1.8575802690890615
10,3,passive_characterisation,0.9130434782608695,0.0,1.0,0.9545454545454545,0.9565217391304348,0.9629629629629629,0.037037037037037035,0.9047619047619048,79.83333333333333,13.777777777777779,0.8413597073189493,3.6738625156158764
10,3,random,0.8043478260869565,0.010752688172043012,0.9823008849557522,0.8844621513944223,0.8967975689574568,0.8850308641975309,0.051954732510288065,0.7777777777777778,372.0,169.38888888888889,0.5446535244922341,2.022810373177975
10,3,fixed_boundary,0.8913043478260869,0.0,1.0,0.9425287356321839,0.9456521739130435,0.9382716049382716,0.040123456790123455,0.8809523809523809,372.0,148.11111111111111,0.6018518518518517,2.487769527905356
10,3,policy_active,0.9492753623188406,0.0,1.0,0.9739776951672863,0.9746376811594203,0.9753086419753086,0.02700617283950617,0.9523809523809523,372.0,73.05555555555556,0.8036140979689366,4.124222815167091
10,5,single_default,0.8260869565217391,0.005376344086021506,0.991304347826087,0.901185770750988,0.9103553062178589,0.9027777777777778,0.04963991769547325,0.8095238095238095,372.0,178.66666666666666,0.5197132616487455,1.8575802690890615
10,5,passive_characterisation,0.9130434782608695,0.0,1.0,0.9545454545454545,0.9565217391304348,0.9629629629629629,0.035493827160493825,0.9047619047619048,79.83333333333333,10.277777777777779,0.874587248277098,4.2079258131178126
10,5,random,0.8442028985507246,0.01881720430107527,0.9708333333333333,0.9031007751937985,0.9126928471248247,0.9027777777777778,0.03587962962962962,0.8333333333333334,372.0,71.33333333333333,0.8082437275985663,4.299635319849463
10,5,fixed_boundary,0.8985507246376812,0.010752688172043012,0.9841269841269841,0.9393939393939393,0.9438990182328191,0.9382716049382716,0.03909465020576131,0.8888888888888888,372.0,94.88888888888889,0.7449223416965352,3.447446360221501
10,5,policy_active,0.9130434782608695,0.0,1.0,0.9545454545454545,0.9565217391304348,0.9629629629629629,0.026234567901234566,0.9047619047619048,372.0,24.88888888888889,0.9330943847072881,6.250067728345551
11,1,single_default,0.8,0.0,1.0,0.888888888888889,0.9,0.8888888888888888,0.05118312757201646,0.78125,372.0,205.77777777777777,0.44683393070489835,1.4106505120858999
11,1,passive_characterisation,0.8,0.0,1.0,0.888888888888889,0.9,0.8888888888888888,0.05118312757201646,0.78125,76.66666666666667,40.666666666666664,0.41726842146129356,0.9851205202013724
11,1,random,0.8107142857142857,0.008152173913043478,0.9869565217391304,0.8901960784313725,0.9012810559006211,0.8850308641975309,0.05144032921810699,0.81640625,372.0,216.55555555555554,0.4178614097968936,1.483715742919829
11,1,fixed_boundary,0.8428571428571429,0.005434782608695652,0.9915966386554622,0.9111969111969112,0.9187111801242236,0.9074074074074074,0.04938271604938271,0.828125,372.0,194.0,0.478494623655914,1.7228162423613977
11,1,policy_active,0.8178571428571428,0.0,1.0,0.899803536345776,0.9089285714285714,0.8966049382716049,0.04989711934156378,0.80078125,372.0,195.33333333333334,0.47491039426523296,1.4349975288569974
11,2,single_default,0.8,0.0,1.0,0.888888888888889,0.9,0.8888888888888888,0.05118312757201646,0.78125,372.0,205.77777777777777,0.44683393070489835,1.4106505120858999
11,2,passive_characterisation,0.8714285714285714,0.0,1.0,0.9312977099236641,0.9357142857142857,0.9351851851851852,0.047839506172839504,0.859375,76.66666666666667,28.555555555555557,0.6158863265781506,1.8626243158468738
11,2,random,0.8160714285714286,0.012228260869565218,0.98068669527897,0.8908382066276803,0.9019215838509317,0.8850308641975309,0.04693930041152263,0.828125,372.0,138.88888888888889,0.6266427718040622,2.5817579693893324
11,2,fixed_boundary,0.8571428571428571,0.005434782608695652,0.9917355371900827,0.9195402298850575,0.9258540372670807,0.9135802469135802,0.047325102880658436,0.84375,372.0,180.11111111111111,0.5158303464755077,1.8457335077468737
11,2,policy_active,0.8785714285714286,0.0,1.0,0.935361216730038,0.9392857142857143,0.9320987654320988,0.03909465020576131,0.8671875,372.0,137.0,0.631720430107527,2.3818160165079743
11,3,single_default,0.8,0.0,1.0,0.888888888888889,0.9,0.8888888888888888,0.05118312757201646,0.78125,372.0,205.77777777777777,0.44683393070489835,1.4106505120858999
11,3,passive_characterisation,0.9,0.0,1.0,0.9473684210526316,0.95,0.9537037037037037,0.038580246913580245,0.890625,76.66666666666667,13.722222222222221,0.8403602764189767,3.6150389731209858
11,3,random,0.8214285714285714,0.036684782608695655,0.944558521560575,0.8787010506208214,0.8923718944099379,0.8703703703703703,0.04372427983539094,0.8125,372.0,108.11111111111111,0.709378733572282,3.4282345143497572
11,3,fixed_boundary,0.8928571428571429,0.0,1.0,0.9433962264150945,0.9464285714285714,0.9382716049382716,0.038580246913580245,0.8828125,372.0,149.0,0.5994623655913978,2.3346015697660527
11,3,policy_active,0.9214285714285714,0.005434782608695652,0.9923076923076923,0.9555555555555556,0.9579968944099378,0.9537037037037037,0.029320987654320986,0.9140625,372.0,91.11111111111111,0.7550776583034646,3.375680436437998
11,5,single_default,0.8,0.0,1.0,0.888888888888889,0.9,0.8888888888888888,0.05118312757201646,0.78125,372.0,205.77777777777777,0.44683393070489835,1.4106505120858999
11,5,passive_characterisation,0.9,0.0,1.0,0.9473684210526316,0.95,0.9537037037037037,0.035493827160493825,0.890625,76.66666666666667,9.777777777777779,0.8820172373631494,4.407414112893214
11,5,random,0.8428571428571429,0.02717391304347826,0.959349593495935,0.897338403041825,0.9078416149068322,0.8912037037037037,0.036908436213991765,0.875,372.0,55.05555555555556,0.8520011947431303,4.742427849161052
11,5,fixed_boundary,0.8928571428571429,0.005434782608695652,0.9920634920634921,0.9398496240601505,0.9437111801242236,0.941358024691358,0.03883744855967078,0.8828125,372.0,96.88888888888889,0.7395459976105137,3.11212170377736
11,5,policy_active,0.9142857142857143,0.0,1.0,0.955223880597015,0.9571428571428571,0.9629629629629629,0.030864197530864196,0.90625,372.0,25.444444444444443,0.9316009557945041,5.880964606691399
12,1,single_default,0.8984375,0.00510204081632653,0.9913793103448276,0.9426229508196722,0.9466677295918368,0.9351851851851852,0.03112139917695473,0.8879310344827587,372.0,178.66666666666666,0.5197132616487455,1.8575802690890617
12,1,passive_characterisation,0.8984375,0.00510204081632653,0.9913793103448276,0.9426229508196722,0.9466677295918368,0.9351851851851852,0.03112139917695473,0.8879310344827587,76.66666666666667,38.333333333333336,0.461293578693998,1.1195042274934779
12,1,random,0.84375,0.0,1.0,0.9152542372881356,0.921875,0.9074074074074074,0.037165637860082305,0.8275862068965517,372.0,270.55555555555554,0.272700119474313,0.7647509926498778
12,1,fixed_boundary,0.8984375,0.00510204081632653,0.9913793103448276,0.9426229508196722,0.9466677295918368,0.9351851851851852,0.035493827160493825,0.8879310344827587,372.0,194.0,0.478494623655914,1.7228162423613977
12,1,policy_active,0.8984375,0.00510204081632653,0.9913793103448276,0.9426229508196722,0.9466677295918368,0.9351851851851852,0.03369341563786008,0.8879310344827587,372.0,170.0,0.543010752688172,1.8541741404011005
12,2,single_default,0.8984375,0.00510204081632653,0.9913793103448276,0.9426229508196722,0.9466677295918368,0.9351851851851852,0.03112139917695473,0.8879310344827587,372.0,178.66666666666666,0.5197132616487455,1.8575802690890617
12,2,passive_characterisation,0.953125,0.0,1.0,0.976,0.9765625,0.9722222222222222,0.02700617283950617,0.9482758620689655,76.66666666666667,28.555555555555557,0.6158863265781506,1.8626243158468738
12,2,random,0.84375,0.002551020408163265,0.9953917050691244,0.9133192389006342,0.9205994897959184,0.9050925925925926,0.03485082304526749,0.8275862068965517,372.0,191.61111111111111,0.48491636798088417,1.6528467044925943
12,2,fixed_boundary,0.8984375,0.00510204081632653,0.9913793103448276,0.9426229508196722,0.9466677295918368,0.9351851851851852,0.03652263374485596,0.8879310344827587,372.0,180.11111111111111,0.5158303464755077,1.8457335077468733
12,2,policy_active,0.921875,0.0,1.0,0.959349593495935,0.9609375,0.9567901234567902,0.032407407407407406,0.9137931034482759,372.0,115.66666666666667,0.689068100358423,2.879718982034265
12,3,single_default,0.8984375,0.00510204081632653,0.9913793103448276,0.9426229508196722,0.9466677295918368,0.9351851851851852,0.03112139917695473,0.8879310344827587,372.0,178.66666666666666,0.5197132616487455,1.8575802690890617
12,3,passive_characterisation,0.984375,0.0,1.0,0.9921259842519685,0.9921875,0.9907407407407407,0.020061728395061727,0.9827586206896551,76.66666666666667,14.166666666666666,0.8319745321841758,3.3570469625779453
12,3,random,0.859375,0.002551020408163265,0.995475113122172,0.9224318658280923,0.9284119897959184,0.9143518518518519,0.03279320987654321,0.8620689655172413,372.0,152.05555555555554,0.5912485065710873,2.191507514856548
12,3,fixed_boundary,0.921875,0.0,1.0,0.959349593495935,0.9609375,0.9537037037037037,0.03343621399176954,0.9137931034482759,372.0,149.0,0.5994623655913978,2.3346015697660527
12,3,policy_active,0.96875,0.0,1.0,0.9841269841269841,0.984375,0.9814814814814815,0.023662551440329218,0.9655172413793104,372.0,90.22222222222223,0.7574671445639186,3.551787380962571
12,5,single_default,0.8984375,0.00510204081632653,0.9913793103448276,0.9426229508196722,0.9466677295918368,0.9351851851851852,0.03112139917695473,0.8879310344827587,372.0,178.66666666666666,0.5197132616487455,1.8575802690890617
12,5,passive_characterisation,0.984375,0.0,1.0,0.9921259842519685,0.9921875,0.9907407407407407,0.016975308641975308,0.9827586206896551,76.66666666666667,10.222222222222221,0.8736314931283485,4.149422102350174
12,5,random,0.875,0.0,1.0,0.9333333333333333,0.9375,0.9259259259259259,0.02662037037037037,0.8620689655172413,372.0,98.77777777777777,0.7344683393070489,3.4425531619892786
12,5,fixed_boundary,0.921875,0.0,1.0,0.959349593495935,0.9609375,0.9567901234567902,0.030349794238683125,0.9137931034482759,372.0,113.44444444444444,0.6950418160095578,2.7550351158849447
12,5,policy_active,1.0,0.0,1.0,1.0,1.0,1.0,0.015432098765432098,1.0,372.0,25.444444444444443,0.9316009557945041,5.8809646066914
13,1,single_default,0.9076923076923077,0.005154639175257732,0.9915966386554622,0.9477911646586346,0.9512688342585249,0.9398148148148148,0.03112139917695473,0.8983050847457628,372.0,151.55555555555554,0.5925925925925926,2.304510026092223
13,1,passive_characterisation,0.9076923076923077,0.005154639175257732,0.9915966386554622,0.9477911646586346,0.9512688342585249,0.9398148148148148,0.03112139917695473,0.8983050847457628,79.83333333333333,36.05555555555556,0.5142991960396298,1.3129760853930277
13,1,random,0.8461538461538461,0.0,1.0,0.9166666666666666,0.9230769230769231,0.9074074074074074,0.03729423868312757,0.8135593220338984,372.0,254.66666666666666,0.3154121863799283,0.9889026463614011
13,1,fixed_boundary,0.8846153846153846,0.005154639175257732,0.9913793103448276,0.9349593495934959,0.9397303727200634,0.9259259259259259,0.037037037037037035,0.8728813559322034,372.0,194.0,0.478494623655914,1.7228162423613977
13,1,policy_active,0.9076923076923077,0.005154639175257732,0.9915966386554622,0.9477911646586346,0.9512688342585249,0.9398148148148148,0.033693415637860075,0.8983050847457628,372.0,144.66666666666666,0.6111111111111112,2.273350751945203
13,2,single_default,0.9076923076923077,0.005154639175257732,0.9915966386554622,0.9477911646586346,0.9512688342585249,0.9398148148148148,0.03112139917695473,0.8983050847457628,372.0,151.55555555555554,0.5925925925925926,2.304510026092223
13,2,passive_characterisation,0.9692307692307692,0.005154639175257732,0.9921259842519685,0.980544747081712,0.9820380650277558,0.9768518518518519,0.027777777777777776,0.9661016949152542,79.83333333333333,26.27777777777778,0.6628459931330654,2.0927749929524806
13,2,random,0.8846153846153846,0.005154639175257732,0.9913793103448276,0.9349593495934959,0.9397303727200634,0.9259259259259259,0.03523662551440329,0.8983050847457628,372.0,171.44444444444446,0.5391278375149342,1.9404602174627232
13,2,fixed_boundary,0.8846153846153846,0.005154639175257732,0.9913793103448276,0.9349593495934959,0.9397303727200634,0.9259259259259259,0.03806584362139917,0.8728813559322034,372.0,180.11111111111111,0.5158303464755077,1.8457335077468737
13,2,policy_active,0.9230769230769231,0.0,1.0,0.9600000000000001,0.9615384615384616,0.9567901234567902,0.03395061728395061,0.9152542372881356,372.0,94.33333333333333,0.7464157706093191,3.377621947560556
13,3,single_default,0.9076923076923077,0.005154639175257732,0.9915966386554622,0.9477911646586346,0.9512688342585249,0.9398148148148148,0.03112139917695473,0.8983050847457628,372.0,151.55555555555554,0.5925925925925926,2.304510026092223
13,3,passive_characterisation,0.9846153846153847,0.0,1.0,0.9922480620155039,0.9923076923076923,0.9907407407407407,0.020061728395061727,0.9830508474576272,79.83333333333333,14.11111111111111,0.8367009605218376,3.451640293393655
13,3,random,0.9057692307692308,0.011597938144329897,0.98125,0.942,0.9470856463124504,0.9313271604938271,0.030864197530864196,0.9194915254237288,372.0,109.55555555555556,0.7054958183990443,2.984415138539151
13,3,fixed_boundary,0.9076923076923077,0.0,1.0,0.9516129032258065,0.9538461538461538,0.9444444444444444,0.03497942386831275,0.8983050847457628,372.0,149.0,0.5994623655913978,2.3346015697660523
13,3,policy_active,0.9846153846153847,0.0,1.0,0.9922480620155039,0.9923076923076923,0.9907407407407407,0.023148148148148147,0.9830508474576272,372.0,73.0,0.8037634408602149,4.142107709327499
13,5,single_default,0.9076923076923077,0.005154639175257732,0.9915966386554622,0.9477911646586346,0.9512688342585249,0.9398148148148148,0.03112139917695473,0.8983050847457628,372.0,151.55555555555554,0.5925925925925926,2.304510026092223
13,5,passive_characterisation,0.9846153846153847,0.0,1.0,0.9922480620155039,0.9923076923076923,0.9907407407407407,0.018518518518518517,0.9830508474576272,79.83333333333333,10.61111111111111,0.8699285014799867,3.9857035908955916
13,5,random,0.9115384615384615,0.00902061855670103,0.9854469854469855,0.9470529470529471,0.9512589214908802,0.9375,0.0268775720164609,0.9152542372881356,372.0,60.94444444444444,0.8361708482676223,4.562127354283617
13,5,fixed_boundary,0.9384615384615385,0.010309278350515464,0.9838709677419355,0.9606299212598426,0.9640761300555115,0.9567901234567902,0.030349794238683125,0.9322033898305084,372.0,95.44444444444444,0.7434289127837514,3.3174546933945765
13,5,policy_active,1.0,0.0,1.0,1.0,1.0,1.0,0.013888888888888888,1.0,372.0,25.0,0.932795698924731,6.13895661723444
14,1,single_default,0.8846153846153846,0.0,1.0,0.9387755102040816,0.9423076923076923,0.9305555555555556,0.03883744855967078,0.8728813559322034,372.0,178.66666666666666,0.5197132616487455,1.8575802690890615
14,1,passive_characterisation,0.8846153846153846,0.0,1.0,0.9387755102040816,0.9423076923076923,0.9305555555555556,0.03883744855967078,0.8728813559322034,76.66666666666667,38.333333333333336,0.461293578693998,1.1195042274934779
14,1,random,0.8461538461538461,0.0,1.0,0.9166666666666666,0.9230769230769231,0.9074074074074074,0.042309670781893,0.8135593220338984,372.0,247.22222222222223,0.3354241338112306,1.0343052665863022
14,1,fixed_boundary,0.8846153846153846,0.005154639175257732,0.9913793103448276,0.9349593495934959,0.9397303727200634,0.9259259259259259,0.040123456790123455,0.8728813559322034,372.0,194.0,0.478494623655914,1.7228162423613977
14,1,policy_active,0.8846153846153846,0.0,1.0,0.9387755102040816,0.9423076923076923,0.9305555555555556,0.03883744855967078,0.8728813559322034,372.0,170.0,0.543010752688172,1.8541741404011005
14,2,single_default,0.8846153846153846,0.0,1.0,0.9387755102040816,0.9423076923076923,0.9305555555555556,0.03883744855967078,0.8728813559322034,372.0,178.66666666666666,0.5197132616487455,1.8575802690890615
14,2,passive_characterisation,0.9692307692307692,0.005154639175257732,0.9921259842519685,0.980544747081712,0.9820380650277558,0.9768518518518519,0.036265432098765434,0.9661016949152542,76.66666666666667,26.22222222222222,0.659911483810855,2.0337985804427294
14,2,random,0.9076923076923077,0.005154639175257732,0.9915966386554622,0.9477911646586346,0.9512688342585249,0.9398148148148148,0.03819444444444444,0.8898305084745762,372.0,128.61111111111111,0.6542712066905615,2.7214575389995512
14,2,fixed_boundary,0.8846153846153846,0.005154639175257732,0.9913793103448276,0.9349593495934959,0.9397303727200634,0.9259259259259259,0.03909465020576131,0.8728813559322034,372.0,180.11111111111111,0.5158303464755077,1.8457335077468733
14,2,policy_active,0.9153846153846154,0.002577319587628866,0.99581589958159,0.9539078156312626,0.9564036478984932,0.9490740740740741,0.03446502057613168,0.8983050847457628,372.0,115.66666666666667,0.689068100358423,2.879718982034265
14,3,single_default,0.8846153846153846,0.0,1.0,0.9387755102040816,0.9423076923076923,0.9305555555555556,0.03883744855967078,0.8728813559322034,372.0,178.66666666666666,0.5197132616487455,1.8575802690890615
14,3,passive_characterisation,0.9846153846153847,0.0,1.0,0.9922480620155039,0.9923076923076923,0.9907407407407407,0.026234567901234566,0.9830508474576272,76.66666666666667,13.61111111111111,0.842456712477677,3.650808761441804
14,3,random,0.9076923076923077,0.005154639175257732,0.9915966386554622,0.9477911646586346,0.9512688342585249,0.9398148148148148,0.03420781893004115,0.8898305084745762,372.0,108.94444444444444,0.7071385902031063,3.2238870880373423
14,3,fixed_boundary,0.9076923076923077,0.0,1.0,0.9516129032258065,0.9538461538461538,0.9444444444444444,0.033950617283950615,0.8983050847457628,372.0,149.0,0.5994623655913978,2.3346015697660523
14,3,policy_active,0.9769230769230769,0.005154639175257732,0.9921875,0.9844961240310077,0.9858842188739096,0.9814814814814815,0.025205761316872428,0.9745762711864406,372.0,73.83333333333333,0.8015232974910392,3.9838856589633354
14,5,single_default,0.8846153846153846,0.0,1.0,0.9387755102040816,0.9423076923076923,0.9305555555555556,0.03883744855967078,0.8728813559322034,372.0,178.66666666666666,0.5197132616487455,1.8575802690890615
14,5,passive_characterisation,0.9846153846153847,0.0,1.0,0.9922480620155039,0.9923076923076923,0.9907407407407407,0.024691358024691357,0.9830508474576272,76.66666666666667,10.11111111111111,0.8757279291870488,4.185191890670992
14,5,random,0.9115384615384615,0.005154639175257732,0.9916317991631799,0.9498997995991983,0.9531919111816018,0.9421296296296297,0.03215020576131687,0.8983050847457628,372.0,72.77777777777777,0.8043608124253286,4.2218211299095945
14,5,fixed_boundary,0.9615384615384616,0.015463917525773196,0.9765625,0.9689922480620154,0.9730372720063443,0.9660493827160493,0.031635802469135804,0.9576271186440678,372.0,78.88888888888889,0.7879330943847073,3.674541281286992
14,5,policy_active,1.0,0.0,1.0,1.0,1.0,1.0,0.023148148148148147,1.0,372.0,25.0,0.932795698924731,6.13895661723444
15,1,single_default,0.9076923076923077,0.005154639175257732,0.9915966386554622,0.9477911646586346,0.9512688342585249,0.9398148148148148,0.03112139917695473,0.8983050847457628,372.0,151.55555555555554,0.5925925925925926,2.304510026092223
15,1,passive_characterisation,0.9076923076923077,0.005154639175257732,0.9915966386554622,0.9477911646586346,0.9512688342585249,0.9398148148148148,0.03112139917695473,0.8983050847457628,94.33333333333333,36.0,0.5388617128659057,1.518048351572443
15,1,random,0.8692307692307693,0.005154639175257732,0.9912280701754386,0.9262295081967212,0.9320380650277558,0.9166666666666666,0.03600823045267489,0.8728813559322034,372.0,208.55555555555554,0.43936678614097974,1.679330393106283
15,1,fixed_boundary,0.8846153846153846,0.005154639175257732,0.9913793103448276,0.9349593495934959,0.9397303727200634,0.9259259259259259,0.037037037037037035,0.8728813559322034,372.0,194.0,0.478494623655914,1.7228162423613977
15,1,policy_active,0.9076923076923077,0.005154639175257732,0.9915966386554622,0.9477911646586346,0.9512688342585249,0.9398148148148148,0.03369341563786008,0.8983050847457628,372.0,144.66666666666666,0.6111111111111112,2.273350751945203
15,2,single_default,0.9076923076923077,0.005154639175257732,0.9915966386554622,0.9477911646586346,0.9512688342585249,0.9398148148148148,0.03112139917695473,0.8983050847457628,372.0,151.55555555555554,0.5925925925925926,2.304510026092223
15,2,passive_characterisation,0.9692307692307692,0.005154639175257732,0.9921259842519685,0.980544747081712,0.9820380650277558,0.9768518518518519,0.027777777777777776,0.9661016949152542,94.33333333333333,26.22222222222222,0.6787794083391567,2.2979589972295895
15,2,random,0.8961538461538462,0.007731958762886598,0.9872881355932204,0.939516129032258,0.9442109436954798,0.9305555555555556,0.03369341563786008,0.8728813559322034,372.0,145.55555555555554,0.6087216248506571,2.5519211836205016
15,2,fixed_boundary,0.8846153846153846,0.005154639175257732,0.9913793103448276,0.9349593495934959,0.9397303727200634,0.9259259259259259,0.03806584362139917,0.8728813559322034,372.0,180.11111111111111,0.5158303464755077,1.8457335077468737
15,2,policy_active,0.9384615384615385,0.005154639175257732,0.991869918699187,0.9644268774703556,0.9666534496431404,0.9598765432098766,0.033950617283950615,0.9322033898305084,372.0,94.33333333333333,0.7464157706093191,3.377621947560556
15,3,single_default,0.9076923076923077,0.005154639175257732,0.9915966386554622,0.9477911646586346,0.9512688342585249,0.9398148148148148,0.03112139917695473,0.8983050847457628,372.0,151.55555555555554,0.5925925925925926,2.304510026092223
15,3,passive_characterisation,0.9846153846153847,0.0,1.0,0.9922480620155039,0.9923076923076923,0.9907407407407407,0.020061728395061727,0.9830508474576272,94.33333333333333,14.055555555555555,0.8431555244972435,3.6569771676856226
15,3,random,0.9230769230769231,0.01288659793814433,0.9795918367346939,0.9504950495049506,0.9550951625693894,0.9421296296296297,0.024819958847736624,0.8728813559322034,372.0,86.77777777777777,0.766726403823178,4.0285365183735085
15,3,fixed_boundary,0.9076923076923077,0.0,1.0,0.9516129032258065,0.9538461538461538,0.9444444444444444,0.03497942386831275,0.8983050847457628,372.0,149.0,0.5994623655913979,2.3346015697660523
15,3,policy_active,0.9846153846153847,0.0,1.0,0.9922480620155039,0.9923076923076923,0.9907407407407407,0.02494855967078189,0.9830508474576272,372.0,73.22222222222223,0.8031660692951015,4.070568132685863
15,5,single_default,0.9076923076923077,0.005154639175257732,0.9915966386554622,0.9477911646586346,0.9512688342585249,0.9398148148148148,0.03112139917695473,0.8983050847457628,372.0,151.55555555555554,0.5925925925925926,2.304510026092223
15,5,passive_characterisation,0.9846153846153847,0.0,1.0,0.9922480620155039,0.9923076923076923,0.9907407407407407,0.018518518518518517,0.9830508474576272,94.33333333333333,10.555555555555555,0.8764267412066153,4.191360296914811
15,5,random,0.9384615384615385,0.015463917525773196,0.976,0.9568627450980391,0.9614988104678827,0.9490740740740741,0.022762345679012346,0.8898305084745762,372.0,52.888888888888886,0.8578255675029869,4.733130840979789
15,5,fixed_boundary,0.9384615384615385,0.010309278350515464,0.9838709677419355,0.9606299212598426,0.9640761300555115,0.9567901234567902,0.030349794238683125,0.9322033898305084,372.0,95.44444444444444,0.7434289127837513,3.3174546933945774
15,5,policy_active,1.0,0.0,1.0,1.0,1.0,1.0,0.013888888888888888,1.0,372.0,25.0,0.932795698924731,6.13895661723444
16,1,single_default,0.8309859154929577,0.005494505494505495,0.9915966386554622,0.9042145593869731,0.9127457049992261,0.9027777777777778,0.04963991769547325,0.8153846153846154,372.0,151.55555555555554,0.5925925925925926,2.304510026092223
16,1,passive_characterisation,0.8309859154929577,0.005494505494505495,0.9915966386554622,0.9042145593869731,0.9127457049992261,0.9027777777777778,0.04963991769547325,0.8153846153846154,76.66666666666667,36.0,0.5053187359267023,1.2538879347855834
16,1,random,0.7816901408450704,0.005494505494505495,0.9910714285714286,0.8740157480314961,0.8880978176752825,0.8703703703703703,0.05632716049382716,0.7384615384615385,372.0,262.6666666666667,0.2939068100358423,0.8025231347867823
16,1,fixed_boundary,0.8309859154929577,0.005494505494505495,0.9915966386554622,0.9042145593869731,0.9127457049992261,0.8981481481481481,0.05092592592592592,0.8153846153846154,372.0,194.0,0.47849462365591405,1.7228162423613977
16,1,policy_active,0.8485915492957746,0.005494505494505495,0.9917695473251029,0.9146110056925996,0.9215485219006345,0.9104938271604939,0.04835390946502057,0.8346153846153846,372.0,144.66666666666666,0.611111111111111,2.273350751945203
16,2,single_default,0.8309859154929577,0.005494505494505495,0.9915966386554622,0.9042145593869731,0.9127457049992261,0.9027777777777778,0.04963991769547325,0.8153846153846154,372.0,151.55555555555554,0.5925925925925926,2.304510026092223
16,2,passive_characterisation,0.8873239436619719,0.005494505494505495,0.9921259842519685,0.9368029739776952,0.9409147190837333,0.9398148148148148,0.046296296296296294,0.8769230769230769,76.66666666666667,26.22222222222222,0.6599114838108548,2.0337985804427294
16,2,random,0.829225352112676,0.008241758241758242,0.9874213836477987,0.9014354066985646,0.9104917969354589,0.8973765432098766,0.051954732510288065,0.7692307692307693,372.0,159.5,0.5712365591397849,1.9738210175015014
16,2,fixed_boundary,0.8450704225352113,0.005494505494505495,0.9917355371900827,0.9125475285171103,0.9197879585203529,0.904320987654321,0.048868312757201646,0.8307692307692308,372.0,180.11111111111111,0.5158303464755077,1.8457335077468737
16,2,policy_active,0.9014084507042254,0.0027472527472527475,0.9961089494163424,0.9463955637707948,0.9493305989784864,0.9429012345679012,0.03909465020576131,0.8846153846153846,372.0,94.33333333333333,0.7464157706093191,3.377621947560556
16,3,single_default,0.8309859154929577,0.005494505494505495,0.9915966386554622,0.9042145593869731,0.9127457049992261,0.9027777777777778,0.04963991769547325,0.8153846153846154,372.0,151.55555555555554,0.5925925925925926,2.304510026092223
16,3,passive_characterisation,0.9014084507042254,0.0,1.0,0.9481481481481481,0.9507042253521127,0.9537037037037037,0.038580246913580245,0.8923076923076924,76.66666666666667,14.055555555555555,0.834070968242876,3.3928167508987634
16,3,random,0.8556338028169014,0.013736263736263736,0.9798387096774194,0.9135338345864662,0.9209487695403189,0.9089506172839507,0.045910493827160496,0.8153846153846154,372.0,93.33333333333333,0.7491039426523297,3.2161001808110665
16,3,fixed_boundary,0.8802816901408451,0.0,1.0,0.9363295880149813,0.9401408450704225,0.9290123456790124,0.040123456790123455,0.8692307692307693,372.0,149.0,0.5994623655913978,2.3346015697660523
16,3,policy_active,0.9507042253521126,0.0,1.0,0.9747292418772564,0.9753521126760563,0.9753086419753086,0.025848765432098766,0.9384615384615385,372.0,73.11111111111111,0.8034647550776581,4.1063379210066815
16,5,single_default,0.8309859154929577,0.005494505494505495,0.9915966386554622,0.9042145593869731,0.9127457049992261,0.9027777777777778,0.04963991769547325,0.8153846153846154,372.0,151.55555555555554,0.5925925925925926,2.304510026092223
16,5,passive_characterisation,0.9014084507042254,0.0,1.0,0.9481481481481481,0.9507042253521127,0.9537037037037037,0.037037037037037035,0.8923076923076924,76.66666666666667,10.555555555555555,0.8673421849522479,3.9271998801279513
16,5,random,0.8626760563380281,0.016483516483516484,0.9760956175298805,0.9158878504672898,0.9230962699272558,0.9158950617283951,0.03960905349794238,0.8307692307692308,372.0,50.666666666666664,0.8637992831541219,4.46515706080155
16,5,fixed_boundary,0.8873239436619719,0.01098901098901099,0.984375,0.9333333333333333,0.9381674663364805,0.9320987654320988,0.03960905349794238,0.8769230769230769,372.0,95.44444444444444,0.7434289127837513,3.3174546933945774
16,5,policy_active,0.9154929577464789,0.0,1.0,0.9558823529411764,0.9577464788732395,0.9629629629629629,0.026234567901234566,0.9076923076923077,372.0,25.0,0.932795698924731,6.13895661723444
17,1,single_default,0.9047619047619048,0.005050505050505051,0.991304347826087,0.9460580912863071,0.9498556998556998,0.9398148148148148,0.03729423868312757,0.8947368421052632,372.0,178.66666666666666,0.5197132616487455,1.8575802690890617
17,1,passive_characterisation,0.9047619047619048,0.005050505050505051,0.991304347826087,0.9460580912863071,0.9498556998556998,0.9398148148148148,0.03729423868312757,0.8947368421052632,76.66666666666667,40.388888888888886,0.4529078344591971,1.0639486719379223
17,1,random,0.8650793650793651,0.0025252525252525255,0.9954337899543378,0.9256900212314226,0.9312770562770563,0.9189814814814815,0.04038065843621399,0.8421052631578947,372.0,253.22222222222223,0.31929510155316604,0.9982557396963891
17,1,fixed_boundary,0.9047619047619048,0.010101010101010102,0.9827586206896551,0.9421487603305785,0.9473304473304474,0.9351851851851852,0.038580246913580245,0.8947368421052632,372.0,194.0,0.478494623655914,1.7228162423613977
17,1,policy_active,0.9047619047619048,0.005050505050505051,0.991304347826087,0.9460580912863071,0.9498556998556998,0.9398148148148148,0.03729423868312757,0.8947368421052632,372.0,170.0,0.543010752688172,1.8541741404011005
17,2,single_default,0.9047619047619048,0.005050505050505051,0.991304347826087,0.9460580912863071,0.9498556998556998,0.9398148148148148,0.03729423868312757,0.8947368421052632,372.0,178.66666666666666,0.5197132616487455,1.8575802690890617
17,2,passive_characterisation,0.9841269841269841,0.005050505050505051,0.992,0.9880478087649401,0.9895382395382395,0.9861111111111112,0.033950617283950615,0.9824561403508771,76.66666666666667,25.555555555555557,0.6693454460750059,2.160187860859389
17,2,random,0.876984126984127,0.005050505050505051,0.9910313901345291,0.9305263157894738,0.9359668109668109,0.9236111111111112,0.03292181069958847,0.8421052631578947,372.0,178.66666666666666,0.5197132616487455,1.9202239925243973
17,2,fixed_boundary,0.9047619047619048,0.010101010101010102,0.9827586206896551,0.9421487603305785,0.9473304473304474,0.9351851851851852,0.0375514403292181,0.8947368421052632,372.0,180.11111111111111,0.5158303464755077,1.8457335077468733
17,2,policy_active,0.9365079365079365,0.005050505050505051,0.9915966386554622,0.963265306122449,0.9657287157287158,0.9567901234567902,0.033950617283950615,0.9298245614035088,372.0,94.33333333333333,0.7464157706093191,3.377621947560556
17,3,single_default,0.9047619047619048,0.005050505050505051,0.991304347826087,0.9460580912863071,0.9498556998556998,0.9398148148148148,0.03729423868312757,0.8947368421052632,372.0,178.66666666666666,0.5197132616487455,1.8575802690890617
17,3,passive_characterisation,1.0,0.0,1.0,1.0,1.0,1.0,0.024691358024691357,1.0,76.66666666666667,13.722222222222221,0.8387879493749515,3.6150389731209858
17,3,random,0.9007936507936508,0.005050505050505051,0.9912663755458515,0.9438669438669438,0.9478715728715729,0.9367283950617284,0.03613683127572016,0.8596491228070176,372.0,122.16666666666667,0.6715949820788529,3.094150656920642
17,3,fixed_boundary,0.9206349206349206,0.0,1.0,0.9586776859504132,0.9603174603174602,0.9537037037037037,0.033950617283950615,0.9122807017543859,372.0,148.11111111111111,0.6018518518518519,2.487769527905356
17,3,policy_active,0.9841269841269841,0.0,1.0,0.9919999999999999,0.9920634920634921,0.9907407407407407,0.025977366255144033,0.9824561403508771,372.0,73.22222222222223,0.8031660692951015,4.070568132685863
17,5,single_default,0.9047619047619048,0.005050505050505051,0.991304347826087,0.9460580912863071,0.9498556998556998,0.9398148148148148,0.03729423868312757,0.8947368421052632,372.0,178.66666666666666,0.5197132616487455,1.8575802690890617
17,5,passive_characterisation,1.0,0.0,1.0,1.0,1.0,1.0,0.023148148148148147,1.0,76.66666666666667,10.222222222222221,0.8720591660843233,4.149422102350174
17,5,random,0.9087301587301587,0.010101010101010102,0.9828326180257511,0.9443298969072165,0.9493145743145743,0.9367283950617284,0.035365226337448555,0.868421052631579,372.0,73.44444444444444,0.802568697729988,4.02708844981517
17,5,fixed_boundary,0.9523809523809523,0.010101010101010102,0.9836065573770492,0.9677419354838709,0.9711399711399711,0.9629629629629629,0.03189300411522633,0.9473684210526315,372.0,94.88888888888889,0.7449223416965352,3.4474463602215
17,5,policy_active,1.0,0.0,1.0,1.0,1.0,1.0,0.020061728395061727,1.0,372.0,24.88888888888889,0.9330943847072878,6.250067728345551
18,1,single_default,0.8951612903225806,0.005,0.9910714285714286,0.9406779661016949,0.9450806451612903,0.9351851851851852,0.03729423868312757,0.8839285714285714,372.0,205.77777777777777,0.44683393070489835,1.4106505120859
18,1,passive_characterisation,0.8951612903225806,0.005,0.9910714285714286,0.9406779661016949,0.9450806451612903,0.9351851851851852,0.03729423868312757,0.8839285714285714,94.33333333333333,50.94444444444444,0.42006366953956054,1.0176184369081032
18,1,random,0.907258064516129,0.015,0.974025974025974,0.9394572025052191,0.9461290322580644,0.9351851851851852,0.03935185185185185,0.8839285714285714,372.0,221.11111111111111,0.40561529271206687,1.4604304560672396
18,1,fixed_boundary,0.9193548387096774,0.025,0.957983193277311,0.9382716049382716,0.9471774193548387,0.9351851851851852,0.041666666666666664,0.9107142857142857,372.0,194.0,0.478494623655914,1.7228162423613977
18,1,policy_active,0.8951612903225806,0.0175,0.9694323144104804,0.9308176100628931,0.9388306451612903,0.9274691358024691,0.04115226337448559,0.8839285714285714,372.0,195.33333333333334,0.47491039426523296,1.4349975288569972
18,2,single_default,0.8951612903225806,0.005,0.9910714285714286,0.9406779661016949,0.9450806451612903,0.9351851851851852,0.03729423868312757,0.8839285714285714,372.0,205.77777777777777,0.44683393070489835,1.4106505120859
18,2,passive_characterisation,0.967741935483871,0.0,1.0,0.9836065573770492,0.9838709677419355,0.9814814814814815,0.033179012345679014,0.9642857142857143,94.33333333333333,31.444444444444443,0.6323084090379688,2.1651205407881067
18,2,random,0.9334677419354839,0.02,0.9665970772442589,0.9497435897435899,0.956733870967742,0.9459876543209876,0.03485082304526748,0.9241071428571429,372.0,118.38888888888889,0.6817502986857826,2.9881302616857988
18,2,fixed_boundary,0.9193548387096774,0.035,0.9421487603305785,0.9306122448979591,0.9421774193548387,0.9290123456790124,0.04372427983539094,0.9107142857142857,372.0,180.11111111111111,0.5158303464755077,1.8457335077468737
18,2,policy_active,0.9193548387096774,0.035,0.9421487603305785,0.9306122448979591,0.9421774193548387,0.9320987654320988,0.04063786008230452,0.9107142857142857,372.0,115.66666666666667,0.689068100358423,2.879718982034265
18,3,single_default,0.8951612903225806,0.005,0.9910714285714286,0.9406779661016949,0.9450806451612903,0.9351851851851852,0.03729423868312757,0.8839285714285714,372.0,205.77777777777777,0.44683393070489835,1.4106505120859
18,3,passive_characterisation,1.0,0.0,1.0,1.0,1.0,1.0,0.024691358024691357,1.0,94.33333333333333,13.833333333333334,0.8443784455314853,3.843429601587027
18,3,random,0.9395161290322581,0.02625,0.9568788501026694,0.9481180061037641,0.9566330645161291,0.9436728395061729,0.035493827160493825,0.9375,372.0,100.44444444444444,0.7299880525686978,3.335036732234251
18,3,fixed_boundary,0.9354838709677419,0.035,0.943089430894309,0.9392712550607287,0.9502419354838709,0.941358024691358,0.04063786008230452,0.9285714285714286,372.0,148.11111111111111,0.6018518518518517,2.4877695279053555
18,3,policy_active,0.967741935483871,0.035,0.9448818897637795,0.9561752988047808,0.9663709677419354,0.9598765432098766,0.02957818930041152,0.9642857142857143,372.0,90.33333333333333,0.7571684587813619,3.5160175926417527
18,5,single_default,0.8951612903225806,0.005,0.9910714285714286,0.9406779661016949,0.9450806451612903,0.9351851851851852,0.03729423868312757,0.8839285714285714,372.0,205.77777777777777,0.44683393070489835,1.4106505120859
18,5,passive_characterisation,1.0,0.0,1.0,1.0,1.0,1.0,0.021604938271604937,1.0,94.33333333333333,9.88888888888889,0.8832401583973912,4.635804741359256
18,5,random,0.9274193548387096,0.02875,0.9523809523809523,0.9397344228804902,0.9493346774193547,0.9375,0.031507201646090534,0.9285714285714286,372.0,57.0,0.8467741935483871,4.699584108374285
18,5,fixed_boundary,0.9354838709677419,0.02,0.9666666666666667,0.9508196721311476,0.957741935483871,0.9506172839506173,0.03497942386831275,0.9285714285714286,372.0,112.88888888888889,0.6965352449223415,2.8850267827118685
18,5,policy_active,1.0,0.0,1.0,1.0,1.0,1.0,0.015432098765432098,1.0,372.0,25.333333333333332,0.931899641577061,5.9920757178025115
19,1,single_default,0.8951612903225806,0.005,0.9910714285714286,0.9406779661016949,0.9450806451612903,0.9351851851851852,0.03112139917695473,0.8839285714285714,372.0,205.77777777777777,0.44683393070489835,1.4106505120858999
19,1,passive_characterisation,0.8951612903225806,0.005,0.9910714285714286,0.9406779661016949,0.9450806451612903,0.9351851851851852,0.03112139917695473,0.8839285714285714,94.33333333333333,50.94444444444444,0.42006366953956054,1.0176184369081034
19,1,random,0.8911290322580645,0.0075,0.9866071428571429,0.9364406779661018,0.9418145161290323,0.9305555555555556,0.031507201646090534,0.8571428571428571,372.0,205.22222222222223,0.4483273596176821,1.697428301614369
19,1,fixed_boundary,0.9193548387096774,0.01,0.9827586206896551,0.95,0.9546774193548386,0.9444444444444444,0.033950617283950615,0.9107142857142857,372.0,194.0,0.47849462365591405,1.7228162423613977
19,1,policy_active,0.8951612903225806,0.005,0.9910714285714286,0.9406779661016949,0.9450806451612903,0.9351851851851852,0.03369341563786008,0.8839285714285714,372.0,195.33333333333334,0.47491039426523296,1.4349975288569974
19,2,single_default,0.8951612903225806,0.005,0.9910714285714286,0.9406779661016949,0.9450806451612903,0.9351851851851852,0.03112139917695473,0.8839285714285714,372.0,205.77777777777777,0.44683393070489835,1.4106505120858999
19,2,passive_characterisation,0.967741935483871,0.0,1.0,0.9836065573770492,0.9838709677419355,0.9814814814814815,0.02700617283950617,0.9642857142857143,94.33333333333333,31.444444444444443,0.6323084090379688,2.1651205407881067
19,2,random,0.9455645161290323,0.01625,0.9730290456431535,0.9591002044989776,0.9646572580645161,0.9529320987654321,0.029192386831275716,0.9241071428571429,372.0,88.61111111111111,0.7617980884109916,3.4753037349280027
19,2,fixed_boundary,0.9193548387096774,0.01,0.9827586206896551,0.95,0.9546774193548386,0.9444444444444444,0.03497942386831275,0.9107142857142857,372.0,180.11111111111111,0.5158303464755077,1.8457335077468733
19,2,policy_active,0.9193548387096774,0.0,1.0,0.9579831932773109,0.9596774193548387,0.9537037037037037,0.03343621399176954,0.9107142857142857,372.0,115.66666666666667,0.689068100358423,2.879718982034265
19,3,single_default,0.8951612903225806,0.005,0.9910714285714286,0.9406779661016949,0.9450806451612903,0.9351851851851852,0.03112139917695473,0.8839285714285714,372.0,205.77777777777777,0.44683393070489835,1.4106505120858999
19,3,passive_characterisation,1.0,0.0,1.0,1.0,1.0,1.0,0.018518518518518517,1.0,94.33333333333333,13.833333333333334,0.8443784455314853,3.843429601587027
19,3,random,0.9576612903225806,0.01625,0.9733606557377049,0.9654471544715446,0.9707056451612903,0.9606481481481481,0.02404835390946502,0.9330357142857143,372.0,67.22222222222223,0.8192951015531662,4.316761123108858
19,3,fixed_boundary,0.9354838709677419,0.0,1.0,0.9666666666666666,0.967741935483871,0.9629629629629629,0.03343621399176954,0.9285714285714286,372.0,148.11111111111111,0.6018518518518519,2.487769527905356
19,3,policy_active,0.967741935483871,0.0,1.0,0.9836065573770492,0.9838709677419355,0.9814814814814815,0.025977366255144033,0.9642857142857143,372.0,90.33333333333333,0.7571684587813619,3.5160175926417527
19,5,single_default,0.8951612903225806,0.005,0.9910714285714286,0.9406779661016949,0.9450806451612903,0.9351851851851852,0.03112139917695473,0.8839285714285714,372.0,205.77777777777777,0.44683393070489835,1.4106505120858999
19,5,passive_characterisation,1.0,0.0,1.0,1.0,1.0,1.0,0.015432098765432098,1.0,94.33333333333333,9.88888888888889,0.8832401583973911,4.635804741359256
19,5,random,0.9435483870967742,0.01,0.9831932773109243,0.962962962962963,0.9667741935483871,0.9583333333333334,0.023662551440329218,0.9285714285714286,372.0,53.388888888888886,0.8564814814814815,4.949893640303713
19,5,fixed_boundary,0.9354838709677419,0.0,1.0,0.9666666666666666,0.967741935483871,0.9629629629629629,0.029835390946502057,0.9285714285714286,372.0,112.88888888888889,0.6965352449223415,2.8850267827118685
19,5,policy_active,1.0,0.0,1.0,1.0,1.0,1.0,0.015432098765432098,1.0,372.0,25.333333333333332,0.9318996415770607,5.992075717802511
20,1,single_default,0.8161764705882353,0.005319148936170213,0.9910714285714286,0.8951612903225806,0.9054286608260325,0.8981481481481481,0.04963991769547326,0.7983870967741935,372.0,205.77777777777777,0.44683393070489835,1.4106505120858999
20,1,passive_characterisation,0.8161764705882353,0.005319148936170213,0.9910714285714286,0.8951612903225806,0.9054286608260325,0.8981481481481481,0.04963991769547326,0.7983870967741935,76.66666666666667,42.72222222222222,0.4088826772264927,0.9295649646458168
20,1,random,0.8216911764705882,0.007978723404255319,0.9867549668874173,0.8966900702106319,0.9068562265331664,0.8973765432098766,0.048996913580246916,0.7741935483870968,372.0,221.33333333333334,0.4050179211469534,1.4507529195556472
20,1,fixed_boundary,0.8602941176470589,0.010638297872340425,0.9831932773109243,0.9176470588235294,0.9248279098873593,0.9166666666666666,0.047839506172839504,0.8467741935483871,372.0,194.0,0.47849462365591405,1.7228162423613977
20,1,policy_active,0.8345588235294118,0.005319148936170213,0.9912663755458515,0.906187624750499,0.9146198372966208,0.9058641975308642,0.04835390946502057,0.8185483870967742,372.0,195.33333333333334,0.47491039426523296,1.4349975288569972
20,2,single_default,0.8161764705882353,0.005319148936170213,0.9910714285714286,0.8951612903225806,0.9054286608260325,0.8981481481481481,0.04963991769547326,0.7983870967741935,372.0,205.77777777777777,0.44683393070489835,1.4106505120858999
20,2,passive_characterisation,0.8823529411764706,0.0,1.0,0.9375,0.9411764705882353,0.9444444444444444,0.04552469135802469,0.8709677419354839,76.66666666666667,27.88888888888889,0.6253202888423014,1.9890135962635331
20,2,random,0.8455882352941176,0.011968085106382979,0.9808102345415778,0.908193484698914,0.9168100750938672,0.9097222222222222,0.04681069958847736,0.8145161290322581,372.0,148.05555555555554,0.6020011947431303,2.52222973452675
20,2,fixed_boundary,0.875,0.010638297872340425,0.9834710743801653,0.9260700389105058,0.9321808510638299,0.9228395061728395,0.045781893004115226,0.8629032258064516,372.0,180.11111111111111,0.5158303464755077,1.8457335077468737
20,2,policy_active,0.8897058823529411,0.0,1.0,0.9416342412451362,0.9448529411764706,0.9382716049382716,0.038580246913580245,0.8790322580645161,372.0,115.66666666666667,0.689068100358423,2.879718982034265
20,3,single_default,0.8161764705882353,0.005319148936170213,0.9910714285714286,0.8951612903225806,0.9054286608260325,0.8981481481481481,0.04963991769547326,0.7983870967741935,372.0,205.77777777777777,0.44683393070489835,1.4106505120858999
20,3,passive_characterisation,0.9117647058823529,0.0,1.0,0.9538461538461539,0.9558823529411764,0.9629629629629629,0.037037037037037035,0.9032258064516129,76.66666666666667,13.833333333333334,0.8366915133162511,3.5792691848001668
20,3,random,0.8786764705882353,0.010638297872340425,0.9835390946502057,0.9281553398058253,0.9340190863579474,0.9282407407407407,0.04076646090534979,0.8588709677419355,372.0,101.94444444444444,0.7259557945041816,3.3590486763565313
20,3,fixed_boundary,0.9044117647058824,0.0,1.0,0.9498069498069499,0.9522058823529411,0.9475308641975309,0.038580246913580245,0.8951612903225806,372.0,148.11111111111111,0.6018518518518517,2.4877695279053555
20,3,policy_active,0.9338235294117647,0.0,1.0,0.9657794676806084,0.9669117647058824,0.9660493827160493,0.027906378600823043,0.9193548387096774,372.0,90.38888888888889,0.7570191158900835,3.498132698481344
20,5,single_default,0.8161764705882353,0.005319148936170213,0.9910714285714286,0.8951612903225806,0.9054286608260325,0.8981481481481481,0.04963991769547326,0.7983870967741935,372.0,205.77777777777777,0.44683393070489835,1.4106505120858999
20,5,passive_characterisation,0.9117647058823529,0.0,1.0,0.9538461538461539,0.9558823529411764,0.9629629629629629,0.033950617283950615,0.9032258064516129,76.66666666666667,9.88888888888889,0.8783484742604241,4.3716443245723955
20,5,random,0.8566176470588235,0.010638297872340425,0.9831223628691983,0.9155206286836934,0.9229896745932415,0.9189814814814815,0.03523662551440329,0.8306451612903226,372.0,55.5,0.8508064516129032,4.747617501972168
20,5,fixed_boundary,0.8823529411764706,0.0,1.0,0.9375,0.9411764705882353,0.9382716049382716,0.03909465020576132,0.8709677419354839,372.0,112.88888888888889,0.6965352449223415,2.8850267827118685
20,5,policy_active,0.9117647058823529,0.0,1.0,0.9538461538461539,0.9558823529411764,0.9629629629629629,0.027777777777777776,0.9032258064516129,372.0,25.333333333333332,0.931899641577061,5.9920757178025115
21,1,single_default,0.8809523809523809,0.0,1.0,0.9367088607594937,0.9404761904761905,0.9305555555555556,0.03883744855967078,0.868421052631579,372.0,205.77777777777777,0.44683393070489835,1.4106505120858999
21,1,passive_characterisation,0.8809523809523809,0.0,1.0,0.9367088607594937,0.9404761904761905,0.9305555555555556,0.03883744855967078,0.868421052631579,76.66666666666667,42.72222222222222,0.4088826772264927,0.9295649646458168
21,1,random,0.8928571428571429,0.005050505050505051,0.9911894273127754,0.9394572025052192,0.9439033189033189,0.9328703703703703,0.03935185185185185,0.8947368421052632,372.0,231.0,0.3790322580645161,1.2822571974123171
21,1,fixed_boundary,0.9047619047619048,0.010101010101010102,0.9827586206896551,0.9421487603305785,0.9473304473304474,0.9351851851851852,0.038580246913580245,0.8947368421052632,372.0,194.0,0.47849462365591405,1.7228162423613977
21,1,policy_active,0.8809523809523809,0.0,1.0,0.9367088607594937,0.9404761904761905,0.9305555555555556,0.03883744855967078,0.868421052631579,372.0,195.33333333333334,0.47491039426523296,1.4349975288569972
21,2,single_default,0.8809523809523809,0.0,1.0,0.9367088607594937,0.9404761904761905,0.9305555555555556,0.03883744855967078,0.868421052631579,372.0,205.77777777777777,0.44683393070489835,1.4106505120858999
21,2,passive_characterisation,0.9841269841269841,0.005050505050505051,0.992,0.9880478087649401,0.9895382395382395,0.9861111111111112,0.036265432098765434,0.9824561403508771,76.66666666666667,25.555555555555557,0.6693454460750059,2.160187860859389
21,2,random,0.9087301587301587,0.007575757575757576,0.9870689655172413,0.946280991735537,0.9505772005772006,0.9398148148148148,0.03587962962962963,0.8947368421052632,372.0,144.83333333333334,0.6106630824372761,2.4095102071014756
21,2,fixed_boundary,0.9047619047619048,0.010101010101010102,0.9827586206896551,0.9421487603305785,0.9473304473304474,0.9351851851851852,0.0375514403292181,0.8947368421052632,372.0,180.11111111111111,0.5158303464755077,1.8457335077468733
21,2,policy_active,0.9126984126984127,0.0025252525252525255,0.9956709956709957,0.9523809523809523,0.9550865800865801,0.9459876543209876,0.035493827160493825,0.8947368421052632,372.0,115.66666666666667,0.6890681003584231,2.879718982034265
21,3,single_default,0.8809523809523809,0.0,1.0,0.9367088607594937,0.9404761904761905,0.9305555555555556,0.03883744855967078,0.868421052631579,372.0,205.77777777777777,0.44683393070489835,1.4106505120858999
21,3,passive_characterisation,1.0,0.0,1.0,1.0,1.0,1.0,0.024691358024691357,1.0,76.66666666666667,13.277777777777779,0.8471736936097523,3.8730309836640258
21,3,random,0.9325396825396826,0.022727272727272728,0.9631147540983607,0.9475806451612904,0.9549062049062049,0.9398148148148148,0.036265432098765434,0.9122807017543859,372.0,88.33333333333333,0.7625448028673835,3.615691162170081
21,3,fixed_boundary,0.9206349206349206,0.0,1.0,0.9586776859504132,0.9603174603174602,0.9537037037037037,0.033950617283950615,0.9122807017543859,372.0,148.11111111111111,0.6018518518518519,2.487769527905356
21,3,policy_active,0.9761904761904762,0.005050505050505051,0.9919354838709677,0.9840000000000001,0.9855699855699855,0.9814814814814815,0.027520576131687242,0.9736842105263158,372.0,73.94444444444444,0.8012246117084826,3.9481158706425172
21,5,single_default,0.8809523809523809,0.0,1.0,0.9367088607594937,0.9404761904761905,0.9305555555555556,0.03883744855967078,0.868421052631579,372.0,205.77777777777777,0.44683393070489835,1.4106505120858999
21,5,passive_characterisation,1.0,0.0,1.0,1.0,1.0,1.0,0.023148148148148147,1.0,76.66666666666667,9.777777777777779,0.8804449103191241,4.407414112893214
21,5,random,0.9563492063492064,0.010101010101010102,0.9836734693877551,0.9698189134808854,0.9731240981240982,0.9652777777777778,0.028292181069958847,0.9473684210526315,372.0,54.55555555555556,0.8533452807646357,5.026906435371856
21,5,fixed_boundary,0.9761904761904762,0.015151515151515152,0.9761904761904762,0.9761904761904762,0.9805194805194806,0.9722222222222222,0.03112139917695473,0.9736842105263158,372.0,78.33333333333333,0.789426523297491,3.804532948113916
21,5,policy_active,1.0,0.0,1.0,1.0,1.0,1.0,0.023148148148148147,1.0,372.0,24.88888888888889,0.9330943847072879,6.250067728345551
22,1,single_default,0.8214285714285714,0.005434782608695652,0.9913793103448276,0.8984375,0.9079968944099379,0.8981481481481481,0.04963991769547325,0.8046875,372.0,178.66666666666666,0.5197132616487455,1.8575802690890615
22,1,passive_characterisation,0.8214285714285714,0.005434782608695652,0.9913793103448276,0.8984375,0.9079968944099379,0.8981481481481481,0.04963991769547325,0.8046875,76.66666666666667,38.333333333333336,0.461293578693998,1.1195042274934779
22,1,random,0.8053571428571429,0.005434782608695652,0.9912087912087912,0.8886699507389163,0.8999611801242235,0.8858024691358025,0.051954732510288065,0.80078125,372.0,231.55555555555554,0.37753882915173237,1.2431481210224034
22,1,fixed_boundary,0.8428571428571429,0.005434782608695652,0.9915966386554622,0.9111969111969112,0.9187111801242236,0.9074074074074074,0.04938271604938271,0.828125,372.0,194.0,0.478494623655914,1.7228162423613977
22,1,policy_active,0.8392857142857143,0.005434782608695652,0.9915611814345991,0.9090909090909091,0.9169254658385093,0.9058641975308642,0.04835390946502057,0.82421875,372.0,170.0,0.543010752688172,1.8541741404011005
22,2,single_default,0.8214285714285714,0.005434782608695652,0.9913793103448276,0.8984375,0.9079968944099379,0.8981481481481481,0.04963991769547325,0.8046875,372.0,178.66666666666666,0.5197132616487455,1.8575802690890615
22,2,passive_characterisation,0.8714285714285714,0.0,1.0,0.9312977099236641,0.9357142857142857,0.9351851851851852,0.04552469135802469,0.859375,76.66666666666667,28.555555555555557,0.6158863265781506,1.8626243158468738
22,2,random,0.8339285714285715,0.008152173913043478,0.9873150105708245,0.904162633107454,0.912888198757764,0.8996913580246914,0.04758230452674897,0.84765625,372.0,146.44444444444446,0.6063321385902032,2.3803389552121774
22,2,fixed_boundary,0.8571428571428571,0.005434782608695652,0.9917355371900827,0.9195402298850575,0.9258540372670807,0.9135802469135802,0.047325102880658436,0.84375,372.0,180.11111111111111,0.5158303464755077,1.8457335077468733
22,2,policy_active,0.8928571428571429,0.0,1.0,0.9433962264150945,0.9464285714285714,0.941358024691358,0.0375514403292181,0.8828125,372.0,115.66666666666667,0.689068100358423,2.879718982034265
22,3,single_default,0.8214285714285714,0.005434782608695652,0.9913793103448276,0.8984375,0.9079968944099379,0.8981481481481481,0.04963991769547325,0.8046875,372.0,178.66666666666666,0.5197132616487455,1.8575802690890615
22,3,passive_characterisation,0.9,0.0,1.0,0.9473684210526316,0.95,0.9537037037037037,0.038580246913580245,0.890625,76.66666666666667,14.166666666666666,0.8319745321841758,3.3570469625779453
22,3,random,0.8482142857142857,0.009510869565217392,0.9854771784232366,0.9117082533589252,0.9193517080745341,0.9066358024691358,0.04218106995884773,0.859375,372.0,114.61111111111111,0.691905615292712,2.991927949696417
22,3,fixed_boundary,0.8928571428571429,0.0,1.0,0.9433962264150945,0.9464285714285714,0.9382716049382716,0.038580246913580245,0.8828125,372.0,149.0,0.5994623655913979,2.3346015697660527
22,3,policy_active,0.9357142857142857,0.0,1.0,0.966789667896679,0.9678571428571429,0.9660493827160493,0.025205761316872428,0.9375,372.0,90.22222222222223,0.7574671445639186,3.551787380962571
22,5,single_default,0.8214285714285714,0.005434782608695652,0.9913793103448276,0.8984375,0.9079968944099379,0.8981481481481481,0.04963991769547325,0.8046875,372.0,178.66666666666666,0.5197132616487455,1.8575802690890615
22,5,passive_characterisation,0.9,0.0,1.0,0.9473684210526316,0.95,0.9537037037037037,0.035493827160493825,0.890625,76.66666666666667,10.222222222222221,0.8736314931283485,4.149422102350174
22,5,random,0.8428571428571429,0.019021739130434784,0.9711934156378601,0.9024856596558317,0.911917701863354,0.8973765432098766,0.03909465020576131,0.859375,372.0,88.16666666666667,0.7629928315412186,3.8787055987677292
22,5,fixed_boundary,0.8714285714285714,0.0,1.0,0.9312977099236641,0.9357142857142857,0.9320987654320988,0.03960905349794238,0.859375,372.0,113.44444444444444,0.6950418160095577,2.7550351158849447
22,5,policy_active,0.9142857142857143,0.0,1.0,0.955223880597015,0.9571428571428571,0.9629629629629629,0.027777777777777776,0.90625,372.0,25.444444444444443,0.9316009557945041,5.8809646066914
23,1,single_default,0.8809523809523809,0.0,1.0,0.9367088607594937,0.9404761904761905,0.9305555555555556,0.03883744855967078,0.868421052631579,372.0,205.77777777777777,0.44683393070489835,1.4106505120858999
23,1,passive_characterisation,0.8809523809523809,0.0,1.0,0.9367088607594937,0.9404761904761905,0.9305555555555556,0.03883744855967078,0.868421052631579,76.66666666666667,42.72222222222222,0.4088826772264927,0.9295649646458168
23,1,random,0.8928571428571429,0.007575757575757576,0.9868421052631579,0.9375,0.9426406926406927,0.9305555555555556,0.03909465020576131,0.868421052631579,372.0,220.88888888888889,0.40621266427718034,1.4780672408997186
23,1,fixed_boundary,0.9047619047619048,0.010101010101010102,0.9827586206896551,0.9421487603305785,0.9473304473304474,0.9351851851851852,0.038580246913580245,0.8947368421052632,372.0,194.0,0.47849462365591405,1.7228162423613977
23,1,policy_active,0.8809523809523809,0.0,1.0,0.9367088607594937,0.9404761904761905,0.9305555555555556,0.03883744855967078,0.868421052631579,372.0,195.33333333333334,0.47491039426523296,1.4349975288569972
23,2,single_default,0.8809523809523809,0.0,1.0,0.9367088607594937,0.9404761904761905,0.9305555555555556,0.03883744855967078,0.868421052631579,372.0,205.77777777777777,0.44683393070489835,1.4106505120858999
23,2,passive_characterisation,0.9841269841269841,0.005050505050505051,0.992,0.9880478087649401,0.9895382395382395,0.9861111111111112,0.036265432098765434,0.9824561403508771,76.66666666666667,25.555555555555557,0.6693454460750059,2.160187860859389
23,2,random,0.9047619047619048,0.007575757575757576,0.987012987012987,0.9440993788819876,0.9485930735930737,0.9375,0.03652263374485596,0.868421052631579,372.0,162.55555555555554,0.5630227001194744,2.182967823616654
23,2,fixed_boundary,0.9047619047619048,0.010101010101010102,0.9827586206896551,0.9421487603305785,0.9473304473304474,0.9351851851851852,0.0375514403292181,0.8947368421052632,372.0,180.11111111111111,0.5158303464755077,1.8457335077468733
23,2,policy_active,0.9206349206349206,0.005050505050505051,0.9914529914529915,0.9547325102880659,0.9577922077922078,0.9475308641975309,0.035493827160493825,0.9122807017543859,372.0,115.66666666666667,0.6890681003584231,2.879718982034265
23,3,single_default,0.8809523809523809,0.0,1.0,0.9367088607594937,0.9404761904761905,0.9305555555555556,0.03883744855967078,0.868421052631579,372.0,205.77777777777777,0.44683393070489835,1.4106505120858999
23,3,passive_characterisation,1.0,0.0,1.0,1.0,1.0,1.0,0.024691358024691357,1.0,76.66666666666667,13.277777777777779,0.8471736936097524,3.8730309836640258
23,3,random,0.9246031746031746,0.007575757575757576,0.9872881355932204,0.9549180327868853,0.9585137085137085,0.9490740740740741,0.03343621399176954,0.8596491228070176,372.0,124.22222222222223,0.6660692951015532,3.0793258738255873
23,3,fixed_boundary,0.9206349206349206,0.0,1.0,0.9586776859504132,0.9603174603174602,0.9537037037037037,0.033950617283950615,0.9122807017543859,372.0,148.11111111111111,0.6018518518518519,2.4877695279053555
23,3,policy_active,0.9761904761904762,0.005050505050505051,0.9919354838709677,0.9840000000000001,0.9855699855699855,0.9814814814814815,0.028292181069958847,0.9736842105263158,372.0,74.0,0.8010752688172041,3.930230976482109
23,5,single_default,0.8809523809523809,0.0,1.0,0.9367088607594937,0.9404761904761905,0.9305555555555556,0.03883744855967078,0.868421052631579,372.0,205.77777777777777,0.44683393070489835,1.4106505120858999
23,5,passive_characterisation,1.0,0.0,1.0,1.0,1.0,1.0,0.023148148148148147,1.0,76.66666666666667,9.777777777777779,0.8804449103191243,4.407414112893214
23,5,random,0.9563492063492064,0.020202020202020204,0.9678714859437751,0.9620758483033932,0.9680735930735931,0.9560185185185185,0.03176440329218107,0.9122807017543859,372.0,54.77777777777778,0.8527479091995221,4.905205733147392
23,5,fixed_boundary,0.9761904761904762,0.015151515151515152,0.9761904761904762,0.9761904761904762,0.9805194805194806,0.9722222222222222,0.03112139917695473,0.9736842105263158,372.0,78.33333333333333,0.7894265232974909,3.804532948113916
23,5,policy_active,1.0,0.0,1.0,1.0,1.0,1.0,0.023148148148148147,1.0,372.0,24.88888888888889,0.9330943847072879,6.250067728345551
24,1,single_default,0.8,0.0,1.0,0.888888888888889,0.9,0.8888888888888888,0.05118312757201646,0.78125,372.0,205.77777777777777,0.44683393070489835,1.4106505120858999
24,1,passive_characterisation,0.8,0.0,1.0,0.888888888888889,0.9,0.8888888888888888,0.05118312757201646,0.78125,76.66666666666667,40.666666666666664,0.4172684214612935,0.9851205202013724
24,1,random,0.7821428571428571,0.002717391304347826,0.9954545454545455,0.876,0.8897127329192547,0.875,0.05388374485596707,0.7734375,372.0,251.33333333333334,0.32437275985663083,1.01658171912589
24,1,fixed_boundary,0.8428571428571429,0.005434782608695652,0.9915966386554622,0.9111969111969112,0.9187111801242236,0.9074074074074074,0.04938271604938271,0.828125,372.0,194.0,0.478494623655914,1.7228162423613977
24,1,policy_active,0.8178571428571428,0.0,1.0,0.899803536345776,0.9089285714285714,0.8966049382716049,0.04989711934156378,0.80078125,372.0,195.33333333333334,0.47491039426523296,1.4349975288569972
24,2,single_default,0.8,0.0,1.0,0.888888888888889,0.9,0.8888888888888888,0.05118312757201646,0.78125,372.0,205.77777777777777,0.44683393070489835,1.4106505120858999
24,2,passive_characterisation,0.8714285714285714,0.0,1.0,0.9312977099236641,0.9357142857142857,0.9351851851851852,0.047839506172839504,0.859375,76.66666666666667,28.555555555555557,0.6158863265781506,1.8626243158468738
24,2,random,0.8178571428571428,0.010869565217391304,0.9828326180257511,0.8927875243664718,0.9034937888198757,0.8896604938271605,0.05066872427983538,0.8125,372.0,152.16666666666666,0.5909498207885304,2.4284239573055064
24,2,fixed_boundary,0.8571428571428571,0.005434782608695652,0.9917355371900827,0.9195402298850575,0.9258540372670807,0.9135802469135802,0.047325102880658436,0.84375,372.0,180.11111111111111,0.5158303464755077,1.8457335077468733
24,2,policy_active,0.8785714285714286,0.0,1.0,0.935361216730038,0.9392857142857143,0.9320987654320988,0.03909465020576131,0.8671875,372.0,137.0,0.6317204301075269,2.3818160165079743
24,3,single_default,0.8,0.0,1.0,0.888888888888889,0.9,0.8888888888888888,0.05118312757201646,0.78125,372.0,205.77777777777777,0.44683393070489835,1.4106505120858999
24,3,passive_characterisation,0.9,0.0,1.0,0.9473684210526316,0.95,0.9537037037037037,0.038580246913580245,0.890625,76.66666666666667,13.722222222222221,0.8403602764189767,3.6150389731209858
24,3,random,0.8678571428571429,0.01358695652173913,0.9798387096774194,0.9204545454545454,0.9271350931677018,0.9143518518518519,0.040895061728395056,0.828125,372.0,108.94444444444444,0.7071385902031063,3.327893865697744
24,3,fixed_boundary,0.8928571428571429,0.0,1.0,0.9433962264150945,0.9464285714285714,0.9382716049382716,0.038580246913580245,0.8828125,372.0,149.0,0.5994623655913978,2.3346015697660523
24,3,policy_active,0.9214285714285714,0.005434782608695652,0.9923076923076923,0.9555555555555556,0.9579968944099378,0.9537037037037037,0.029320987654320986,0.9140625,372.0,91.11111111111111,0.7550776583034647,3.375680436437998
24,5,single_default,0.8,0.0,1.0,0.888888888888889,0.9,0.8888888888888888,0.05118312757201646,0.78125,372.0,205.77777777777777,0.44683393070489835,1.4106505120858999
24,5,passive_characterisation,0.9,0.0,1.0,0.9473684210526316,0.95,0.9537037037037037,0.035493827160493825,0.890625,76.66666666666667,9.777777777777779,0.8820172373631493,4.407414112893214
24,5,random,0.8642857142857143,0.010869565217391304,0.983739837398374,0.9201520912547528,0.9267080745341615,0.9174382716049383,0.03973765432098766,0.8203125,372.0,73.38888888888889,0.8027180406212664,4.133827170241875
24,5,fixed_boundary,0.8928571428571429,0.005434782608695652,0.9920634920634921,0.9398496240601505,0.9437111801242236,0.941358024691358,0.03883744855967078,0.8828125,372.0,96.88888888888889,0.7395459976105137,3.11212170377736
24,5,policy_active,0.9142857142857143,0.0,1.0,0.955223880597015,0.9571428571428571,0.9629629629629629,0.030864197530864196,0.90625,372.0,25.444444444444443,0.9316009557945041,5.8809646066914
25,1,single_default,0.8984375,0.00510204081632653,0.9913793103448276,0.9426229508196722,0.9466677295918368,0.9351851851851852,0.03729423868312757,0.8879310344827587,372.0,178.66666666666666,0.5197132616487455,1.8575802690890617
25,1,passive_characterisation,0.8984375,0.00510204081632653,0.9913793103448276,0.9426229508196722,0.9466677295918368,0.9351851851851852,0.03729423868312757,0.8879310344827587,76.66666666666667,38.333333333333336,0.461293578693998,1.1195042274934779
25,1,random,0.859375,0.002551020408163265,0.995475113122172,0.9224318658280923,0.9284119897959184,0.9143518518518519,0.04050925925925926,0.8275862068965517,372.0,246.55555555555554,0.33721624850657106,1.039013299916674
25,1,fixed_boundary,0.8984375,0.00510204081632653,0.9913793103448276,0.9426229508196722,0.9466677295918368,0.9351851851851852,0.038580246913580245,0.8879310344827587,372.0,194.0,0.478494623655914,1.7228162423613977
25,1,policy_active,0.8984375,0.00510204081632653,0.9913793103448276,0.9426229508196722,0.9466677295918368,0.9351851851851852,0.03729423868312757,0.8879310344827587,372.0,170.0,0.543010752688172,1.8541741404011005
25,2,single_default,0.8984375,0.00510204081632653,0.9913793103448276,0.9426229508196722,0.9466677295918368,0.9351851851851852,0.03729423868312757,0.8879310344827587,372.0,178.66666666666666,0.5197132616487455,1.8575802690890617
25,2,passive_characterisation,0.953125,0.0,1.0,0.976,0.9765625,0.9722222222222222,0.033179012345679014,0.9482758620689655,76.66666666666667,28.555555555555557,0.6158863265781506,1.8626243158468738
25,2,random,0.89453125,0.00510204081632653,0.9913419913419913,0.9404517453798767,0.9447146045918368,0.9328703703703703,0.035493827160493825,0.8620689655172413,372.0,164.88888888888889,0.5567502986857825,2.0757171723744414
25,2,fixed_boundary,0.8984375,0.00510204081632653,0.9913793103448276,0.9426229508196722,0.9466677295918368,0.9351851851851852,0.0375514403292181,0.8879310344827587,372.0,180.11111111111111,0.5158303464755077,1.8457335077468733
25,2,policy_active,0.921875,0.0,1.0,0.959349593495935,0.9609375,0.9567901234567902,0.03137860082304526,0.9137931034482759,372.0,115.66666666666667,0.6890681003584231,2.879718982034265
25,3,single_default,0.8984375,0.00510204081632653,0.9913793103448276,0.9426229508196722,0.9466677295918368,0.9351851851851852,0.03729423868312757,0.8879310344827587,372.0,178.66666666666666,0.5197132616487455,1.8575802690890617
25,3,passive_characterisation,0.984375,0.0,1.0,0.9921259842519685,0.9921875,0.9907407407407407,0.026234567901234566,0.9827586206896551,76.66666666666667,14.166666666666666,0.8319745321841758,3.3570469625779444
25,3,random,0.93359375,0.007653061224489796,0.987603305785124,0.9598393574297189,0.9629703443877551,0.9537037037037037,0.03112139917695473,0.9137931034482759,372.0,94.55555555555556,0.7458183990442054,3.4285163675380383
25,3,fixed_boundary,0.921875,0.0,1.0,0.959349593495935,0.9609375,0.9537037037037037,0.032407407407407406,0.9137931034482759,372.0,149.0,0.5994623655913979,2.3346015697660527
25,3,policy_active,0.96875,0.0,1.0,0.9841269841269841,0.984375,0.9814814814814815,0.02353395061728395,0.9655172413793104,372.0,90.27777777777777,0.7573178016726402,3.5339024868021616
25,5,single_default,0.8984375,0.00510204081632653,0.9913793103448276,0.9426229508196722,0.9466677295918368,0.9351851851851852,0.03729423868312757,0.8879310344827587,372.0,178.66666666666666,0.5197132616487455,1.8575802690890617
25,5,passive_characterisation,0.984375,0.0,1.0,0.9921259842519685,0.9921875,0.9907407407407407,0.023148148148148147,0.9827586206896551,76.66666666666667,10.222222222222221,0.8736314931283485,4.149422102350174
25,5,random,0.94140625,0.00510204081632653,0.9917695473251029,0.965931863727455,0.9681521045918368,0.9606481481481481,0.027906378600823043,0.9137931034482759,372.0,64.72222222222223,0.826015531660693,4.31883892282349
25,5,fixed_boundary,0.921875,0.0,1.0,0.959349593495935,0.9609375,0.9567901234567902,0.032407407407407406,0.9137931034482759,372.0,113.44444444444444,0.6950418160095578,2.755035115884944
25,5,policy_active,1.0,0.0,1.0,1.0,1.0,1.0,0.021604938271604937,1.0,372.0,25.444444444444443,0.9316009557945041,5.880964606691401
26,1,single_default,0.8984375,0.00510204081632653,0.9913793103448276,0.9426229508196722,0.9466677295918368,0.9351851851851852,0.03729423868312757,0.8879310344827587,372.0,178.66666666666666,0.5197132616487455,1.8575802690890615
26,1,passive_characterisation,0.8984375,0.00510204081632653,0.9913793103448276,0.9426229508196722,0.9466677295918368,0.9351851851851852,0.03729423868312757,0.8879310344827587,76.66666666666667,38.333333333333336,0.461293578693998,1.1195042274934779
26,1,random,0.89453125,0.00510204081632653,0.9913419913419913,0.9404517453798767,0.9447146045918368,0.9328703703703703,0.038451646090534974,0.8879310344827587,372.0,189.11111111111111,0.4916367980884109,1.932970966547829
26,1,fixed_boundary,0.8984375,0.00510204081632653,0.9913793103448276,0.9426229508196722,0.9466677295918368,0.9351851851851852,0.038580246913580245,0.8879310344827587,372.0,194.0,0.478494623655914,1.7228162423613977
26,1,policy_active,0.8984375,0.00510204081632653,0.9913793103448276,0.9426229508196722,0.9466677295918368,0.9351851851851852,0.03729423868312757,0.8879310344827587,372.0,170.0,0.543010752688172,1.8541741404011005
26,2,single_default,0.8984375,0.00510204081632653,0.9913793103448276,0.9426229508196722,0.9466677295918368,0.9351851851851852,0.03729423868312757,0.8879310344827587,372.0,178.66666666666666,0.5197132616487455,1.8575802690890615
26,2,passive_characterisation,0.953125,0.0,1.0,0.976,0.9765625,0.9722222222222222,0.033179012345679014,0.9482758620689655,76.66666666666667,28.555555555555557,0.6158863265781506,1.8626243158468738
26,2,random,0.89453125,0.002551020408163265,0.9956521739130435,0.9423868312757202,0.9459901147959184,0.9359567901234568,0.03549382716049382,0.8879310344827587,372.0,162.72222222222223,0.5625746714456391,2.341790524268522
26,2,fixed_boundary,0.8984375,0.00510204081632653,0.9913793103448276,0.9426229508196722,0.9466677295918368,0.9351851851851852,0.0375514403292181,0.8879310344827587,372.0,180.11111111111111,0.5158303464755076,1.8457335077468733
26,2,policy_active,0.921875,0.0,1.0,0.959349593495935,0.9609375,0.9567901234567902,0.03137860082304526,0.9137931034482759,372.0,115.66666666666667,0.689068100358423,2.879718982034265
26,3,single_default,0.8984375,0.00510204081632653,0.9913793103448276,0.9426229508196722,0.9466677295918368,0.9351851851851852,0.03729423868312757,0.8879310344827587,372.0,178.66666666666666,0.5197132616487455,1.8575802690890615
26,3,passive_characterisation,0.984375,0.0,1.0,0.9921259842519685,0.9921875,0.9907407407407407,0.026234567901234566,0.9827586206896551,76.66666666666667,14.166666666666666,0.8319745321841758,3.3570469625779453
26,3,random,0.90234375,0.002551020408163265,0.9956896551724138,0.9467213114754098,0.9498963647959184,0.9405864197530864,0.03562242798353909,0.8879310344827587,372.0,120.77777777777777,0.6753285543608124,2.8486311876874804
26,3,fixed_boundary,0.921875,0.0,1.0,0.959349593495935,0.9609375,0.9537037037037037,0.032407407407407406,0.9137931034482759,372.0,149.0,0.5994623655913979,2.3346015697660527
26,3,policy_active,0.96875,0.0,1.0,0.9841269841269841,0.984375,0.9814814814814815,0.02353395061728395,0.9655172413793104,372.0,90.27777777777777,0.7573178016726402,3.5339024868021616
26,5,single_default,0.8984375,0.00510204081632653,0.9913793103448276,0.9426229508196722,0.9466677295918368,0.9351851851851852,0.03729423868312757,0.8879310344827587,372.0,178.66666666666666,0.5197132616487455,1.8575802690890615
26,5,passive_characterisation,0.984375,0.0,1.0,0.9921259842519685,0.9921875,0.9907407407407407,0.023148148148148147,0.9827586206896551,76.66666666666667,10.222222222222221,0.8736314931283485,4.149422102350174
26,5,random,0.91015625,0.0,1.0,0.9529652351738241,0.955078125,0.9467592592592593,0.032150205761316865,0.896551724137931,372.0,82.66666666666667,0.7777777777777778,3.827191305548523
26,5,fixed_boundary,0.921875,0.0,1.0,0.959349593495935,0.9609375,0.9567901234567902,0.0324074074074074,0.9137931034482759,372.0,113.44444444444444,0.6950418160095577,2.755035115884944
26,5,policy_active,1.0,0.0,1.0,1.0,1.0,1.0,0.021604938271604937,1.0,372.0,25.444444444444443,0.931600955794504,5.8809646066914
27,1,single_default,0.8043478260869565,0.0,1.0,0.891566265060241,0.9021739130434783,0.8935185185185185,0.05118312757201646,0.7857142857142857,372.0,205.77777777777777,0.44683393070489835,1.4106505120858999
27,1,passive_characterisation,0.8043478260869565,0.0,1.0,0.891566265060241,0.9021739130434783,0.8935185185185185,0.05118312757201646,0.7857142857142857,76.66666666666667,42.72222222222222,0.4088826772264928,0.9295649646458168
27,1,random,0.7916666666666666,0.0,1.0,0.8837209302325582,0.8958333333333333,0.8834876543209876,0.05131172839506173,0.7817460317460317,372.0,248.66666666666666,0.33154121863799285,1.028084965022276
27,1,fixed_boundary,0.8478260869565217,0.010752688172043012,0.9831932773109243,0.9105058365758756,0.9185366993922394,0.9074074074074074,0.04938271604938271,0.8333333333333334,372.0,194.0,0.4784946236559139,1.7228162423613977
27,1,policy_active,0.822463768115942,0.0,1.0,0.9025844930417496,0.911231884057971,0.9012345679012346,0.04989711934156378,0.8055555555555556,372.0,195.33333333333334,0.47491039426523296,1.4349975288569972
27,2,single_default,0.8043478260869565,0.0,1.0,0.891566265060241,0.9021739130434783,0.8935185185185185,0.05118312757201646,0.7857142857142857,372.0,205.77777777777777,0.44683393070489835,1.4106505120858999
27,2,passive_characterisation,0.8985507246376812,0.005376344086021506,0.992,0.9429657794676806,0.9465871902758298,0.9490740740740741,0.04861111111111111,0.8888888888888888,76.66666666666667,25.555555555555557,0.6693454460750059,2.160187860859389
27,2,random,0.8188405797101449,0.008064516129032258,0.9868995633187773,0.895049504950495,0.9053880317905563,0.8919753086419753,0.04565329218106996,0.8214285714285714,372.0,148.77777777777777,0.6000597371565114,2.2989638369317236
27,2,fixed_boundary,0.8623188405797102,0.010752688172043012,0.9834710743801653,0.918918918918919,0.9257830762038336,0.9135802469135802,0.047325102880658436,0.8492063492063492,372.0,180.11111111111111,0.5158303464755077,1.8457335077468737
27,2,policy_active,0.8768115942028986,0.0,1.0,0.9343629343629344,0.9384057971014492,0.9290123456790124,0.041666666666666664,0.8650793650793651,372.0,115.66666666666667,0.689068100358423,2.879718982034265
27,3,single_default,0.8043478260869565,0.0,1.0,0.891566265060241,0.9021739130434783,0.8935185185185185,0.05118312757201646,0.7857142857142857,372.0,205.77777777777777,0.44683393070489835,1.4106505120858999
27,3,passive_characterisation,0.9130434782608695,0.0,1.0,0.9545454545454545,0.9565217391304348,0.9629629629629629,0.037037037037037035,0.9047619047619048,76.66666666666667,13.277777777777779,0.8471736936097523,3.8730309836640258
27,3,random,0.8297101449275363,0.010752688172043012,0.9828326180257511,0.899803536345776,0.9094787283777466,0.8958333333333334,0.04539609053497943,0.8452380952380952,372.0,119.27777777777777,0.6793608124253285,2.8374858582674807
27,3,fixed_boundary,0.8913043478260869,0.0,1.0,0.9425287356321839,0.9456521739130435,0.9382716049382716,0.040123456790123455,0.8809523809523809,372.0,148.11111111111111,0.6018518518518519,2.4877695279053555
27,3,policy_active,0.9420289855072463,0.005376344086021506,0.9923664122137404,0.966542750929368,0.9683263207106124,0.9660493827160493,0.030606995884773662,0.9285714285714286,372.0,74.0,0.8010752688172041,3.930230976482109
27,5,single_default,0.8043478260869565,0.0,1.0,0.891566265060241,0.9021739130434783,0.8935185185185185,0.05118312757201646,0.7857142857142857,372.0,205.77777777777777,0.44683393070489835,1.4106505120858999
27,5,passive_characterisation,0.9130434782608695,0.0,1.0,0.9545454545454545,0.9565217391304348,0.9629629629629629,0.035493827160493825,0.9047619047619048,76.66666666666667,9.777777777777779,0.8804449103191241,4.407414112893214
27,5,random,0.8369565217391305,0.01881720430107527,0.9705882352941176,0.8988326848249028,0.9090696587190277,0.8958333333333334,0.040123456790123455,0.8412698412698413,372.0,62.166666666666664,0.8328853046594983,4.429073007732458
27,5,fixed_boundary,0.9202898550724637,0.016129032258064516,0.9769230769230769,0.9477611940298507,0.9520804114071997,0.9475308641975309,0.03832304526748971,0.9126984126984127,372.0,78.33333333333333,0.789426523297491,3.804532948113916
27,5,policy_active,0.9130434782608695,0.0,1.0,0.9545454545454545,0.9565217391304348,0.9629629629629629,0.029320987654320986,0.9047619047619048,372.0,24.88888888888889,0.9330943847072878,6.250067728345552
28,1,single_default,0.9047619047619048,0.005050505050505051,0.991304347826087,0.9460580912863071,0.9498556998556998,0.9398148148148148,0.03729423868312757,0.8947368421052632,372.0,178.66666666666666,0.5197132616487455,1.8575802690890615
28,1,passive_characterisation,0.9047619047619048,0.005050505050505051,0.991304347826087,0.9460580912863071,0.9498556998556998,0.9398148148148148,0.03729423868312757,0.8947368421052632,79.83333333333333,40.5,0.4612671283325097,1.120899369888998
28,1,random,0.8809523809523809,0.017676767676767676,0.9694323144104804,0.9230769230769231,0.9316378066378066,0.9182098765432098,0.041666666666666664,0.868421052631579,372.0,203.0,0.4543010752688172,1.6990717335037562
28,1,fixed_boundary,0.9047619047619048,0.025252525252525252,0.957983193277311,0.9306122448979592,0.9397546897546898,0.9259259259259259,0.043209876543209874,0.8947368421052632,372.0,194.0,0.478494623655914,1.7228162423613977
28,1,policy_active,0.9047619047619048,0.017676767676767676,0.9702127659574468,0.9363449691991786,0.9435425685425686,0.9320987654320988,0.04115226337448559,0.8947368421052632,372.0,170.0,0.543010752688172,1.8541741404011005
28,2,single_default,0.9047619047619048,0.005050505050505051,0.991304347826087,0.9460580912863071,0.9498556998556998,0.9398148148148148,0.03729423868312757,0.8947368421052632,372.0,178.66666666666666,0.5197132616487455,1.8575802690890615
28,2,passive_characterisation,0.9841269841269841,0.005050505050505051,0.992,0.9880478087649401,0.9895382395382395,0.9861111111111112,0.033950617283950615,0.9824561403508771,79.83333333333333,25.61111111111111,0.6721634867272885,2.2191642733691403
28,2,random,0.8849206349206349,0.03282828282828283,0.9449152542372882,0.9139344262295083,0.926046176046176,0.9104938271604939,0.04089506172839506,0.868421052631579,372.0,167.94444444444446,0.5485364396654719,2.1623724259074857
28,2,fixed_boundary,0.9047619047619048,0.03535353535353535,0.9421487603305785,0.9230769230769231,0.9347041847041847,0.9197530864197531,0.04526748971193415,0.8947368421052632,372.0,180.11111111111111,0.5158303464755077,1.8457335077468733
28,2,policy_active,0.9285714285714286,0.03787878787878788,0.9397590361445783,0.9341317365269461,0.9453463203463204,0.933641975308642,0.04218106995884773,0.9298245614035088,372.0,94.33333333333333,0.7464157706093191,3.377621947560556
28,3,single_default,0.9047619047619048,0.005050505050505051,0.991304347826087,0.9460580912863071,0.9498556998556998,0.9398148148148148,0.03729423868312757,0.8947368421052632,372.0,178.66666666666666,0.5197132616487455,1.8575802690890615
28,3,passive_characterisation,1.0,0.0,1.0,1.0,1.0,1.0,0.024691358024691357,1.0,79.83333333333333,13.777777777777779,0.8413597073189493,3.673862515615877
28,3,random,0.9007936507936508,0.030303030303030304,0.9497907949790795,0.924643584521385,0.9352453102453102,0.9212962962962963,0.030735596707818925,0.9035087719298246,372.0,125.83333333333333,0.6617383512544802,3.0150246280610236
28,3,fixed_boundary,0.9206349206349206,0.03535353535353535,0.943089430894309,0.931726907630522,0.9426406926406926,0.9320987654320988,0.04218106995884773,0.9122807017543859,372.0,148.11111111111111,0.6018518518518519,2.4877695279053555
28,3,policy_active,0.9841269841269841,0.03535353535353535,0.9465648854961832,0.9649805447470817,0.9743867243867244,0.9691358024691358,0.030221193415637858,0.9824561403508771,372.0,73.22222222222223,0.8031660692951013,4.070568132685863
28,5,single_default,0.9047619047619048,0.005050505050505051,0.991304347826087,0.9460580912863071,0.9498556998556998,0.9398148148148148,0.03729423868312757,0.8947368421052632,372.0,178.66666666666666,0.5197132616487455,1.8575802690890615
28,5,passive_characterisation,1.0,0.0,1.0,1.0,1.0,1.0,0.023148148148148147,1.0,79.83333333333333,10.277777777777779,0.8745872482770982,4.2079258131178126
28,5,random,0.9206349206349206,0.04040404040404041,0.9354838709677419,0.9279999999999999,0.9401154401154401,0.9243827160493827,0.02996399176954732,0.9122807017543859,372.0,77.55555555555556,0.7915173237753884,4.149285101227918
28,5,fixed_boundary,0.9523809523809523,0.030303030303030304,0.9523809523809523,0.9523809523809523,0.961038961038961,0.9506172839506173,0.03497942386831275,0.9473684210526315,372.0,94.88888888888889,0.7449223416965353,3.447446360221501
28,5,policy_active,1.0,0.0,1.0,1.0,1.0,1.0,0.013888888888888888,1.0,372.0,24.88888888888889,0.9330943847072879,6.250067728345551
29,1,single_default,0.8984375,0.00510204081632653,0.9913793103448276,0.9426229508196722,0.9466677295918368,0.9351851851851852,0.03729423868312757,0.8879310344827587,372.0,178.66666666666666,0.5197132616487455,1.8575802690890615
29,1,passive_characterisation,0.8984375,0.00510204081632653,0.9913793103448276,0.9426229508196722,0.9466677295918368,0.9351851851851852,0.03729423868312757,0.8879310344827587,76.66666666666667,38.333333333333336,0.461293578693998,1.1195042274934779
29,1,random,0.84375,0.0,1.0,0.9152542372881356,0.921875,0.9074074074074074,0.04256687242798353,0.8275862068965517,372.0,275.8888888888889,0.258363201911589,0.5799003451484096
29,1,fixed_boundary,0.8984375,0.00510204081632653,0.9913793103448276,0.9426229508196722,0.9466677295918368,0.9351851851851852,0.038580246913580245,0.8879310344827587,372.0,194.0,0.478494623655914,1.7228162423613977
29,1,policy_active,0.8984375,0.00510204081632653,0.9913793103448276,0.9426229508196722,0.9466677295918368,0.9351851851851852,0.03729423868312757,0.8879310344827587,372.0,170.0,0.543010752688172,1.8541741404011005
29,2,single_default,0.8984375,0.00510204081632653,0.9913793103448276,0.9426229508196722,0.9466677295918368,0.9351851851851852,0.03729423868312757,0.8879310344827587,372.0,178.66666666666666,0.5197132616487455,1.8575802690890615
29,2,passive_characterisation,0.953125,0.0,1.0,0.976,0.9765625,0.9722222222222222,0.033179012345679014,0.9482758620689655,76.66666666666667,28.555555555555557,0.6158863265781506,1.8626243158468738
29,2,random,0.8515625,0.00510204081632653,0.990909090909091,0.9159663865546219,0.9232302295918368,0.9074074074074074,0.037165637860082305,0.8275862068965517,372.0,190.27777777777777,0.48850059737156504,1.6117443893226264
29,2,fixed_boundary,0.8984375,0.00510204081632653,0.9913793103448276,0.9426229508196722,0.9466677295918368,0.9351851851851852,0.0375514403292181,0.8879310344827587,372.0,180.11111111111111,0.5158303464755077,1.8457335077468733
29,2,policy_active,0.921875,0.0,1.0,0.959349593495935,0.9609375,0.9567901234567902,0.03137860082304526,0.9137931034482759,372.0,115.66666666666667,0.6890681003584231,2.879718982034265
29,3,single_default,0.8984375,0.00510204081632653,0.9913793103448276,0.9426229508196722,0.9466677295918368,0.9351851851851852,0.03729423868312757,0.8879310344827587,372.0,178.66666666666666,0.5197132616487455,1.8575802690890615
29,3,passive_characterisation,0.984375,0.0,1.0,0.9921259842519685,0.9921875,0.9907407407407407,0.026234567901234566,0.9827586206896551,76.66666666666667,14.166666666666666,0.8319745321841758,3.3570469625779453
29,3,random,0.87890625,0.007653061224489796,0.9868421052631579,0.9297520661157024,0.9356265943877551,0.9212962962962963,0.033822016460905345,0.8879310344827587,372.0,130.5,0.6491935483870969,2.62342788556425
29,3,fixed_boundary,0.921875,0.0,1.0,0.959349593495935,0.9609375,0.9537037037037037,0.032407407407407406,0.9137931034482759,372.0,149.0,0.5994623655913979,2.3346015697660523
29,3,policy_active,0.96875,0.0,1.0,0.9841269841269841,0.984375,0.9814814814814815,0.02353395061728395,0.9655172413793104,372.0,90.27777777777777,0.7573178016726402,3.5339024868021616
29,5,single_default,0.8984375,0.00510204081632653,0.9913793103448276,0.9426229508196722,0.9466677295918368,0.9351851851851852,0.03729423868312757,0.8879310344827587,372.0,178.66666666666666,0.5197132616487455,1.8575802690890615
29,5,passive_characterisation,0.984375,0.0,1.0,0.9921259842519685,0.9921875,0.9907407407407407,0.023148148148148147,0.9827586206896551,76.66666666666667,10.222222222222221,0.8736314931283485,4.149422102350174
29,5,random,0.90625,0.012755102040816327,0.9789029535864979,0.9411764705882353,0.9467474489795918,0.9328703703703703,0.02970679012345679,0.896551724137931,372.0,67.05555555555556,0.8197431302270013,3.9374268780638486
29,5,fixed_boundary,0.921875,0.0,1.0,0.959349593495935,0.9609375,0.9567901234567902,0.032407407407407406,0.9137931034482759,372.0,113.44444444444444,0.6950418160095578,2.755035115884944
29,5,policy_active,1.0,0.0,1.0,1.0,1.0,1.0,0.021604938271604937,1.0,372.0,25.444444444444443,0.9316009557945041,5.880964606691399
